{"_id":{"$oid":"5cb37d35fcb6edfde4d3ea68"},"firstName":"David","lastName":"Goodguy","email":"houbara1@gmail.com","password":"5678"}
{"_id":{"$oid":"5ccb07b3be6ebd2794c62526"},"firstName":"Yuval","lastName":"Yaniv","email":"ofir@gmail.com","password":"1234"}
{"_id":{"$oid":"5cf6749c1f2ff90b48a5faaf"},"firstName":"Noa","lastName":"Houbara","email":"bgv@gmail.com","password":"1t2c3d4s","city":"PEDU'EL","street":"Gilad 35","__v":0}
{"_id":{"$oid":"5cf8024842b59d30b8ca0fc7"},"firstName":"David","lastName":"Asu","email":"David@gmail.com","password":"1234","city":"ABBIRIM","street":"flf","__v":0}
{"_id":{"$oid":"5cf808e8130bd329c4a121cf"},"firstName":"Dav","lastName":"Dar","email":"David1@gmail.com","password":"1234","city":"ABU GHOSH","street":"xxz","__v":0}
