{"_id":{"$oid":"5ce55c92864d9f2f00e38411"},"productID":{"$oid":"5cb3866cfcb6edfde4d3f5d6"},"quantity":3,"totalPrice":10.350000000000001,"cartID":{"$oid":"5ce2fc31aae27e1f34e2a272"},"__v":0}
{"_id":{"$oid":"5ce6db7e864d9f2f00e38418"},"productID":{"$oid":"5ccddb91be6ebd2794c62528"},"quantity":3,"totalPrice":4.5,"cartID":{"$oid":"5ce2fc31aae27e1f34e2a272"},"__v":0}
{"_id":{"$oid":"5ce6dc7e864d9f2f00e3841a"},"productID":{"$oid":"5cb386cdfcb6edfde4d3f69a"},"quantity":6,"totalPrice":193.79999999999998,"cartID":{"$oid":"5ce2fc31aae27e1f34e2a272"},"__v":0}
{"_id":{"$oid":"5cebdfd0346d6929f4877623"},"productID":{"$oid":"5cb3866cfcb6edfde4d3f5d6"},"quantity":3,"totalPrice":10.350000000000001,"cartID":{"$oid":"5ce2fc31aae27e1f34e2a272"},"__v":0}
{"_id":{"$oid":"5cf106d9c90ecf34b80a2c00"},"productID":{"$oid":"5cb3866cfcb6edfde4d3f5d6"},"quantity":1,"totalPrice":323,"cartID":{"$oid":"5ce2fc31aae27e1f34e2a272"},"__v":0}
{"_id":{"$oid":"5cf1082ec90ecf34b80a2c01"},"productID":{"$oid":"5cb3866cfcb6edfde4d3f5d6"},"quantity":2,"totalPrice":646,"cartID":{"$oid":"5cf10567c90ecf34b80a2bff"},"__v":0}
{"_id":{"$oid":"5cf1093dc90ecf34b80a2c02"},"productID":{"$oid":"5ccddb91be6ebd2794c62528"},"quantity":4,"totalPrice":6,"cartID":{"$oid":"5cf10567c90ecf34b80a2bff"},"__v":0}
{"_id":{"$oid":"5cf10a49c90ecf34b80a2c05"},"productID":{"$oid":"5cb386cdfcb6edfde4d3f69a"},"quantity":1,"totalPrice":32.3,"cartID":{"$oid":"5cf109a8c90ecf34b80a2c04"},"__v":0}
{"_id":{"$oid":"5cf10f8ec90ecf34b80a2c09"},"productID":{"$oid":"5cb3866cfcb6edfde4d3f5d6"},"quantity":1,"totalPrice":323,"cartID":{"$oid":"5cf10d18c90ecf34b80a2c08"},"__v":0}
{"_id":{"$oid":"5cf10f90c90ecf34b80a2c0a"},"productID":{"$oid":"5ccddb91be6ebd2794c62528"},"quantity":1,"totalPrice":1.5,"cartID":{"$oid":"5cf10d18c90ecf34b80a2c08"},"__v":0}
{"_id":{"$oid":"5cf11852c90ecf34b80a2c0d"},"productID":{"$oid":"5cb3866cfcb6edfde4d3f5d6"},"quantity":1,"totalPrice":323,"cartID":{"$oid":"5cf10fa9c90ecf34b80a2c0c"},"__v":0}
{"_id":{"$oid":"5cf11918c90ecf34b80a2c10"},"productID":{"$oid":"5cb3866cfcb6edfde4d3f5d6"},"quantity":1,"totalPrice":323,"cartID":{"$oid":"5cf1187bc90ecf34b80a2c0f"},"__v":0}
{"_id":{"$oid":"5cf11a6bc90ecf34b80a2c14"},"productID":{"$oid":"5cb3866cfcb6edfde4d3f5d6"},"quantity":1,"totalPrice":323,"cartID":{"$oid":"5cf11a65c90ecf34b80a2c13"},"__v":0}
{"_id":{"$oid":"5cf11c56c90ecf34b80a2c17"},"productID":{"$oid":"5ccddb91be6ebd2794c62528"},"quantity":3,"totalPrice":4.5,"cartID":{"$oid":"5cf11aaac90ecf34b80a2c16"},"__v":0}
{"_id":{"$oid":"5cf11c73c90ecf34b80a2c1a"},"productID":{"$oid":"5ccddb91be6ebd2794c62528"},"quantity":10,"totalPrice":15,"cartID":{"$oid":"5cf11c69c90ecf34b80a2c19"},"__v":0}
{"_id":{"$oid":"5cf11cfcc90ecf34b80a2c1e"},"productID":{"$oid":"5ccddb91be6ebd2794c62528"},"quantity":1,"totalPrice":1.5,"cartID":{"$oid":"5cf11ce3c90ecf34b80a2c1d"},"__v":0}
{"_id":{"$oid":"5cf11cffc90ecf34b80a2c1f"},"productID":{"$oid":"5cb3866cfcb6edfde4d3f5d6"},"quantity":1,"totalPrice":323,"cartID":{"$oid":"5cf11ce3c90ecf34b80a2c1d"},"__v":0}
{"_id":{"$oid":"5cf11d48c90ecf34b80a2c22"},"productID":{"$oid":"5ccddb91be6ebd2794c62528"},"quantity":2,"totalPrice":3,"cartID":{"$oid":"5cf11d1bc90ecf34b80a2c21"},"__v":0}
{"_id":{"$oid":"5cf2cf54c90ecf34b80a2c25"},"productID":{"$oid":"5ccddb91be6ebd2794c62528"},"quantity":3,"totalPrice":4.5,"cartID":{"$oid":"5cf11d59c90ecf34b80a2c24"},"__v":0}
{"_id":{"$oid":"5cf2cf58c90ecf34b80a2c26"},"productID":{"$oid":"5cb3866cfcb6edfde4d3f5d6"},"quantity":3,"totalPrice":969,"cartID":{"$oid":"5cf11d59c90ecf34b80a2c24"},"__v":0}
{"_id":{"$oid":"5cf2cf9ac90ecf34b80a2c29"},"productID":{"$oid":"5ccddb91be6ebd2794c62528"},"quantity":2,"totalPrice":3,"cartID":{"$oid":"5cf2cf8fc90ecf34b80a2c28"},"__v":0}
{"_id":{"$oid":"5cf2d0a9c90ecf34b80a2c2c"},"productID":{"$oid":"5ccddb91be6ebd2794c62528"},"quantity":10,"totalPrice":15,"cartID":{"$oid":"5cf10c74c90ecf34b80a2c06"},"__v":0}
{"_id":{"$oid":"5cf2d4a116626139d8c18c0b"},"productID":{"$oid":"5ccddb91be6ebd2794c62528"},"quantity":5,"totalPrice":7.5,"cartID":{"$oid":"5cf2d49a16626139d8c18c0a"},"__v":0}
{"_id":{"$oid":"5cf2d4a516626139d8c18c0c"},"productID":{"$oid":"5cb3866cfcb6edfde4d3f5d6"},"quantity":5,"totalPrice":1615,"cartID":{"$oid":"5cf2d49a16626139d8c18c0a"},"__v":0}
{"_id":{"$oid":"5cf2d51616626139d8c18c0f"},"productID":{"$oid":"5ccddb91be6ebd2794c62528"},"quantity":3,"totalPrice":4.5,"cartID":{"$oid":"5cf2d51116626139d8c18c0e"},"__v":0}
{"_id":{"$oid":"5cf2d56d16626139d8c18c12"},"productID":{"$oid":"5cb386cdfcb6edfde4d3f69a"},"quantity":3,"totalPrice":96.89999999999999,"cartID":{"$oid":"5cf2d56816626139d8c18c11"},"__v":0}
{"_id":{"$oid":"5cf2d62616626139d8c18c14"},"productID":{"$oid":"5cb3866cfcb6edfde4d3f5d6"},"quantity":2,"totalPrice":646,"cartID":{"$oid":"5cf2d62116626139d8c18c13"},"__v":0}
{"_id":{"$oid":"5cf2d70a16626139d8c18c17"},"productID":{"$oid":"5cb3866cfcb6edfde4d3f5d6"},"quantity":4,"totalPrice":1292,"cartID":{"$oid":"5cf2d70416626139d8c18c16"},"__v":0}
{"_id":{"$oid":"5cf2d73316626139d8c18c1a"},"productID":{"$oid":"5ccddb91be6ebd2794c62528"},"quantity":6,"totalPrice":9,"cartID":{"$oid":"5cf2d72f16626139d8c18c19"},"__v":0}
{"_id":{"$oid":"5cf2d79a16626139d8c18c1d"},"productID":{"$oid":"5cb3866cfcb6edfde4d3f5d6"},"quantity":2,"totalPrice":646,"cartID":{"$oid":"5cf2d79216626139d8c18c1c"},"__v":0}
{"_id":{"$oid":"5cf2d8fa16626139d8c18c20"},"productID":{"$oid":"5cb386cdfcb6edfde4d3f69a"},"quantity":3,"totalPrice":96.89999999999999,"cartID":{"$oid":"5cf2d8f216626139d8c18c1f"},"__v":0}
{"_id":{"$oid":"5cf2da5e33411d37d066f2f2"},"productID":{"$oid":"5cb386cdfcb6edfde4d3f69a"},"quantity":2,"totalPrice":64.6,"cartID":{"$oid":"5cf2da2633411d37d066f2f0"},"__v":0}
{"_id":{"$oid":"5cf2db011eeb471ffc0283c0"},"productID":{"$oid":"5cb3866cfcb6edfde4d3f5d6"},"quantity":1,"totalPrice":323,"cartID":{"$oid":"5cf2dafb1eeb471ffc0283bf"},"__v":0}
{"_id":{"$oid":"5cf2db351eeb471ffc0283c3"},"productID":{"$oid":"5cb3866cfcb6edfde4d3f5d6"},"quantity":1,"totalPrice":323,"cartID":{"$oid":"5cf2db321eeb471ffc0283c2"},"__v":0}
{"_id":{"$oid":"5cf2eed4bbddd93120aa9c16"},"productID":{"$oid":"5cb3866cfcb6edfde4d3f5d6"},"quantity":1,"totalPrice":323,"cartID":{"$oid":"5cf2e47b1eeb471ffc0283c5"},"__v":0}
{"_id":{"$oid":"5cf2ef65bbddd93120aa9c19"},"productID":{"$oid":"5cb3866cfcb6edfde4d3f5d6"},"quantity":1,"totalPrice":323,"cartID":{"$oid":"5cf2eef8bbddd93120aa9c18"},"__v":0}
{"_id":{"$oid":"5cf2f0d9bbddd93120aa9c1c"},"productID":{"$oid":"5ccddb91be6ebd2794c62528"},"quantity":1,"totalPrice":1.5,"cartID":{"$oid":"5cf2ef7cbbddd93120aa9c1b"},"__v":0}
{"_id":{"$oid":"5cf2f0efbbddd93120aa9c1f"},"productID":{"$oid":"5cb3866cfcb6edfde4d3f5d6"},"quantity":4,"totalPrice":1292,"cartID":{"$oid":"5cf2f0eabbddd93120aa9c1e"},"__v":0}
{"_id":{"$oid":"5cf30370bbddd93120aa9c22"},"productID":{"$oid":"5cb3866cfcb6edfde4d3f5d6"},"quantity":1,"totalPrice":323,"cartID":{"$oid":"5cf30296bbddd93120aa9c21"},"__v":0}
{"_id":{"$oid":"5cf30460bbddd93120aa9c25"},"productID":{"$oid":"5cb3866cfcb6edfde4d3f5d6"},"quantity":1,"totalPrice":323,"cartID":{"$oid":"5cf30449bbddd93120aa9c24"},"__v":0}
{"_id":{"$oid":"5cf3d1ccbbddd93120aa9c28"},"productID":{"$oid":"5cb3866cfcb6edfde4d3f5d6"},"quantity":2,"totalPrice":646,"cartID":{"$oid":"5cf3cdc6bbddd93120aa9c27"},"__v":0}
{"_id":{"$oid":"5cf3d3c0bbddd93120aa9c2a"},"productID":{"$oid":"5ccddb91be6ebd2794c62528"},"quantity":1,"totalPrice":1.5,"cartID":{"$oid":"5cf2d060c90ecf34b80a2c2b"},"__v":0}
{"_id":{"$oid":"5cf3d3c3bbddd93120aa9c2b"},"productID":{"$oid":"5cb3866cfcb6edfde4d3f5d6"},"quantity":1,"totalPrice":323,"cartID":{"$oid":"5cf2d060c90ecf34b80a2c2b"},"__v":0}
{"_id":{"$oid":"5cf3d3d2bbddd93120aa9c2d"},"productID":{"$oid":"5cb386cdfcb6edfde4d3f69a"},"quantity":1,"totalPrice":32.3,"cartID":{"$oid":"5cf3d3ccbbddd93120aa9c2c"},"__v":0}
{"_id":{"$oid":"5cf3d45ebbddd93120aa9c31"},"productID":{"$oid":"5cdde1a67780441a084ebcf4"},"quantity":5,"totalPrice":22.5,"cartID":{"$oid":"5cf3d450bbddd93120aa9c30"},"__v":0}
{"_id":{"$oid":"5cf3d46fbbddd93120aa9c32"},"productID":{"$oid":"5cdde2607780441a084ebcf5"},"quantity":2,"totalPrice":10,"cartID":{"$oid":"5cf3d450bbddd93120aa9c30"},"__v":0}
{"_id":{"$oid":"5cf3d4b2bbddd93120aa9c34"},"productID":{"$oid":"5cb3866cfcb6edfde4d3f5d6"},"quantity":3,"totalPrice":969,"cartID":{"$oid":"5cf3d4adbbddd93120aa9c33"},"__v":0}
{"_id":{"$oid":"5cf3d5cebbddd93120aa9c39"},"productID":{"$oid":"5ccddb91be6ebd2794c62528"},"quantity":1,"totalPrice":1.5,"cartID":{"$oid":"5cf3d5c9bbddd93120aa9c38"},"__v":0}
{"_id":{"$oid":"5cf3d653bbddd93120aa9c3c"},"productID":{"$oid":"5ccddb91be6ebd2794c62528"},"quantity":3,"totalPrice":4.5,"cartID":{"$oid":"5cf3d64abbddd93120aa9c3b"},"__v":0}
{"_id":{"$oid":"5cf3d769bbddd93120aa9c41"},"productID":{"$oid":"5cf3d745bbddd93120aa9c3e"},"quantity":2,"totalPrice":12,"cartID":{"$oid":"5cf3d764bbddd93120aa9c40"},"__v":0}
{"_id":{"$oid":"5cf3dd99bbddd93120aa9c46"},"productID":{"$oid":"5cb3866cfcb6edfde4d3f5d6"},"quantity":1,"totalPrice":323,"cartID":{"$oid":"5cf3dd4fbbddd93120aa9c44"},"__v":0}
{"_id":{"$oid":"5cf3de98bbddd93120aa9c49"},"productID":{"$oid":"5cb3866cfcb6edfde4d3f5d6"},"quantity":1,"totalPrice":323,"cartID":{"$oid":"5cf3ddbdbbddd93120aa9c48"},"__v":0}
{"_id":{"$oid":"5cf3dfecbbddd93120aa9c4c"},"productID":{"$oid":"5cb3866cfcb6edfde4d3f5d6"},"quantity":1,"totalPrice":323,"cartID":{"$oid":"5cf3debdbbddd93120aa9c4b"},"__v":0}
{"_id":{"$oid":"5cf3e176bbddd93120aa9c4f"},"productID":{"$oid":"5cb3866cfcb6edfde4d3f5d6"},"quantity":1,"totalPrice":323,"cartID":{"$oid":"5cf3e172bbddd93120aa9c4e"},"__v":0}
{"_id":{"$oid":"5cf3ea90bbddd93120aa9c53"},"productID":{"$oid":"5ccddb91be6ebd2794c62528"},"quantity":1,"totalPrice":1.5,"cartID":{"$oid":"5cf3ea81bbddd93120aa9c51"},"__v":0}
{"_id":{"$oid":"5cf3eec0bbddd93120aa9c56"},"productID":{"$oid":"5cb3866cfcb6edfde4d3f5d6"},"quantity":1,"totalPrice":323,"cartID":{"$oid":"5cf3eebbbbddd93120aa9c55"},"__v":0}
{"_id":{"$oid":"5cf3ef01bbddd93120aa9c59"},"productID":{"$oid":"5ccddb91be6ebd2794c62528"},"quantity":1,"totalPrice":1.5,"cartID":{"$oid":"5cf3eefcbbddd93120aa9c58"},"__v":0}
{"_id":{"$oid":"5cf3f022bbddd93120aa9c5c"},"productID":{"$oid":"5ccddb91be6ebd2794c62528"},"quantity":1,"totalPrice":1.5,"cartID":{"$oid":"5cf3f004bbddd93120aa9c5b"},"__v":0}
{"_id":{"$oid":"5cf3f189bbddd93120aa9c5f"},"productID":{"$oid":"5cb3866cfcb6edfde4d3f5d6"},"quantity":1,"totalPrice":323,"cartID":{"$oid":"5cf3f184bbddd93120aa9c5e"},"__v":0}
{"_id":{"$oid":"5cf3f356bbddd93120aa9c62"},"productID":{"$oid":"5ccddb91be6ebd2794c62528"},"quantity":1,"totalPrice":1.5,"cartID":{"$oid":"5cf3f351bbddd93120aa9c61"},"__v":0}
{"_id":{"$oid":"5cf3f379bbddd93120aa9c65"},"productID":{"$oid":"5cb3866cfcb6edfde4d3f5d6"},"quantity":1,"totalPrice":323,"cartID":{"$oid":"5cf3f372bbddd93120aa9c64"},"__v":0}
{"_id":{"$oid":"5cf3f37fbbddd93120aa9c66"},"productID":{"$oid":"5ccddb91be6ebd2794c62528"},"quantity":1,"totalPrice":1.5,"cartID":{"$oid":"5cf3f372bbddd93120aa9c64"},"__v":0}
{"_id":{"$oid":"5cf3f397bbddd93120aa9c69"},"productID":{"$oid":"5ccddb91be6ebd2794c62528"},"quantity":1,"totalPrice":1.5,"cartID":{"$oid":"5cf3f393bbddd93120aa9c68"},"__v":0}
{"_id":{"$oid":"5cf3f3c0bbddd93120aa9c6c"},"productID":{"$oid":"5cb3866cfcb6edfde4d3f5d6"},"quantity":2,"totalPrice":646,"cartID":{"$oid":"5cf3f3dbbbddd93120aa9c6e"},"__v":0}
{"_id":{"$oid":"5cf3f42ebbddd93120aa9c71"},"productID":{"$oid":"5cb3866cfcb6edfde4d3f5d6"},"quantity":1,"totalPrice":323,"cartID":{"$oid":"5cf3f428bbddd93120aa9c70"},"__v":0}
{"_id":{"$oid":"5cf3f43bbbddd93120aa9c74"},"productID":{"$oid":"5cb386cdfcb6edfde4d3f69a"},"quantity":1,"totalPrice":32.3,"cartID":{"$oid":"5cf3f434bbddd93120aa9c73"},"__v":0}
{"_id":{"$oid":"5cf3f757bbddd93120aa9c77"},"productID":{"$oid":"5ccddb91be6ebd2794c62528"},"quantity":1,"totalPrice":1.5,"cartID":{"$oid":"5cf3f752bbddd93120aa9c76"},"__v":0}
{"_id":{"$oid":"5cf42d97bbddd93120aa9c7d"},"productID":{"$oid":"5cb3866cfcb6edfde4d3f5d6"},"quantity":1,"totalPrice":323,"cartID":{"$oid":"5cf3f84bbbddd93120aa9c7a"},"__v":0}
{"_id":{"$oid":"5cf5401ebbddd93120aa9c87"},"productID":{"$oid":"5cb3866cfcb6edfde4d3f5d6"},"quantity":6,"totalPrice":1938,"cartID":{"$oid":"5cf5331cbbddd93120aa9c80"},"__v":0}
{"_id":{"$oid":"5cf54020bbddd93120aa9c88"},"productID":{"$oid":"5ccddb91be6ebd2794c62528"},"quantity":7,"totalPrice":10.5,"cartID":{"$oid":"5cf5331cbbddd93120aa9c80"},"__v":0}
{"_id":{"$oid":"5cf54db9bbddd93120aa9c8b"},"productID":{"$oid":"5ccddb91be6ebd2794c62528"},"quantity":2,"totalPrice":3,"cartID":{"$oid":"5cf54db4bbddd93120aa9c8a"},"__v":0}
{"_id":{"$oid":"5cf54dfdbbddd93120aa9c8e"},"productID":{"$oid":"5ccddb91be6ebd2794c62528"},"quantity":1,"totalPrice":1.5,"cartID":{"$oid":"5cf54df8bbddd93120aa9c8d"},"__v":0}
{"_id":{"$oid":"5cf54e16bbddd93120aa9c91"},"productID":{"$oid":"5ccddb91be6ebd2794c62528"},"quantity":2,"totalPrice":3,"cartID":{"$oid":"5cf54e12bbddd93120aa9c90"},"__v":0}
{"_id":{"$oid":"5cf54fdbbbddd93120aa9c93"},"productID":{"$oid":"5cb3866cfcb6edfde4d3f5d6"},"quantity":1,"totalPrice":323,"cartID":{"$oid":"5cf54fd7bbddd93120aa9c92"},"__v":0}
{"_id":{"$oid":"5cf55054bbddd93120aa9c96"},"productID":{"$oid":"5cb3866cfcb6edfde4d3f5d6"},"quantity":1,"totalPrice":323,"cartID":{"$oid":"5cf55042bbddd93120aa9c95"},"__v":0}
{"_id":{"$oid":"5cf550a3bbddd93120aa9c99"},"productID":{"$oid":"5ccddb91be6ebd2794c62528"},"quantity":1,"totalPrice":1.5,"cartID":{"$oid":"5cf5509fbbddd93120aa9c98"},"__v":0}
{"_id":{"$oid":"5cf5511cbbddd93120aa9c9c"},"productID":{"$oid":"5cb3866cfcb6edfde4d3f5d6"},"quantity":1,"totalPrice":323,"cartID":{"$oid":"5cf5511abbddd93120aa9c9b"},"__v":0}
{"_id":{"$oid":"5cf553351f2ff90b48a5fa4d"},"productID":{"$oid":"5ccddb91be6ebd2794c62528"},"quantity":1,"totalPrice":1.5,"cartID":{"$oid":"5cf553321f2ff90b48a5fa4c"},"__v":0}
{"_id":{"$oid":"5cf5534f1f2ff90b48a5fa50"},"productID":{"$oid":"5cb3866cfcb6edfde4d3f5d6"},"quantity":1,"totalPrice":323,"cartID":{"$oid":"5cf5534d1f2ff90b48a5fa4f"},"__v":0}
{"_id":{"$oid":"5cf5536e1f2ff90b48a5fa53"},"productID":{"$oid":"5ccddb91be6ebd2794c62528"},"quantity":1,"totalPrice":1.5,"cartID":{"$oid":"5cf553691f2ff90b48a5fa52"},"__v":0}
{"_id":{"$oid":"5cf553931f2ff90b48a5fa55"},"productID":{"$oid":"5cb3866cfcb6edfde4d3f5d6"},"quantity":1,"totalPrice":323,"cartID":{"$oid":"5ce2dae4aae27e1f34e2a270"},"__v":0}
{"_id":{"$oid":"5cf553ca1f2ff90b48a5fa58"},"productID":{"$oid":"5cb3866cfcb6edfde4d3f5d6"},"quantity":1,"totalPrice":323,"cartID":{"$oid":"5cf553c71f2ff90b48a5fa57"},"__v":0}
{"_id":{"$oid":"5cf553e11f2ff90b48a5fa5b"},"productID":{"$oid":"5cb3866cfcb6edfde4d3f5d6"},"quantity":1,"totalPrice":323,"cartID":{"$oid":"5cf553de1f2ff90b48a5fa5a"},"__v":0}
{"_id":{"$oid":"5cf56a2c1f2ff90b48a5fa5e"},"productID":{"$oid":"5cb3866cfcb6edfde4d3f5d6"},"quantity":1,"totalPrice":323,"cartID":{"$oid":"5cf56a281f2ff90b48a5fa5d"},"__v":0}
{"_id":{"$oid":"5cf56a6d1f2ff90b48a5fa61"},"productID":{"$oid":"5ccddb91be6ebd2794c62528"},"quantity":3,"totalPrice":4.5,"cartID":{"$oid":"5cf56a411f2ff90b48a5fa60"},"__v":0}
{"_id":{"$oid":"5cf58e7b1f2ff90b48a5fa83"},"productID":{"$oid":"5cb3866cfcb6edfde4d3f5d6"},"quantity":6,"totalPrice":192,"cartID":{"$oid":"5cf56a411f2ff90b48a5fa60"},"__v":0}
{"_id":{"$oid":"5cf6504d1f2ff90b48a5fa86"},"productID":{"$oid":"5cb3866cfcb6edfde4d3f5d6"},"quantity":1,"totalPrice":32,"cartID":{"$oid":"5cf650421f2ff90b48a5fa85"},"__v":0}
{"_id":{"$oid":"5cf650921f2ff90b48a5fa8a"},"productID":{"$oid":"5cb3866cfcb6edfde4d3f5d6"},"quantity":1,"totalPrice":32,"cartID":{"$oid":"5cf6508d1f2ff90b48a5fa89"},"__v":0}
{"_id":{"$oid":"5cf651251f2ff90b48a5fa8e"},"productID":{"$oid":"5cb3866cfcb6edfde4d3f5d6"},"quantity":1,"totalPrice":32,"cartID":{"$oid":"5cf650b71f2ff90b48a5fa8d"},"__v":0}
{"_id":{"$oid":"5cf651711f2ff90b48a5fa91"},"productID":{"$oid":"5cb3866cfcb6edfde4d3f5d6"},"quantity":1,"totalPrice":32,"cartID":{"$oid":"5cf6513e1f2ff90b48a5fa90"},"__v":0}
{"_id":{"$oid":"5cf652f21f2ff90b48a5fa94"},"productID":{"$oid":"5cb3866cfcb6edfde4d3f5d6"},"quantity":1,"totalPrice":32,"cartID":{"$oid":"5cf652ee1f2ff90b48a5fa93"},"__v":0}
{"_id":{"$oid":"5cf656c91f2ff90b48a5fa96"},"productID":{"$oid":"5cb3866cfcb6edfde4d3f5d6"},"quantity":1,"totalPrice":32,"cartID":{"$oid":"5cf6530a1f2ff90b48a5fa95"},"__v":0}
{"_id":{"$oid":"5cf6579a1f2ff90b48a5fa99"},"productID":{"$oid":"5cb3866cfcb6edfde4d3f5d6"},"quantity":1,"totalPrice":32,"cartID":{"$oid":"5cf657971f2ff90b48a5fa98"},"__v":0}
{"_id":{"$oid":"5cf657c71f2ff90b48a5fa9c"},"productID":{"$oid":"5cb3866cfcb6edfde4d3f5d6"},"quantity":1,"totalPrice":32,"cartID":{"$oid":"5cf657ab1f2ff90b48a5fa9b"},"__v":0}
{"_id":{"$oid":"5cf657e71f2ff90b48a5fa9f"},"productID":{"$oid":"5cb3866cfcb6edfde4d3f5d6"},"quantity":1,"totalPrice":32,"cartID":{"$oid":"5cf657e31f2ff90b48a5fa9e"},"__v":0}
{"_id":{"$oid":"5cf658121f2ff90b48a5faa2"},"productID":{"$oid":"5cb3866cfcb6edfde4d3f5d6"},"quantity":1,"totalPrice":32,"cartID":{"$oid":"5cf657ec1f2ff90b48a5faa1"},"__v":0}
{"_id":{"$oid":"5cf659291f2ff90b48a5faa5"},"productID":{"$oid":"5cb3866cfcb6edfde4d3f5d6"},"quantity":1,"totalPrice":32,"cartID":{"$oid":"5cf658511f2ff90b48a5faa4"},"__v":0}
{"_id":{"$oid":"5cf659d11f2ff90b48a5faa8"},"productID":{"$oid":"5cb3866cfcb6edfde4d3f5d6"},"quantity":1,"totalPrice":32,"cartID":{"$oid":"5cf659ce1f2ff90b48a5faa7"},"__v":0}
{"_id":{"$oid":"5cf659e51f2ff90b48a5faab"},"productID":{"$oid":"5cb3866cfcb6edfde4d3f5d6"},"quantity":1,"totalPrice":32,"cartID":{"$oid":"5cf659e21f2ff90b48a5faaa"},"__v":0}
{"_id":{"$oid":"5cf65a0a1f2ff90b48a5faad"},"productID":{"$oid":"5cb3866cfcb6edfde4d3f5d6"},"quantity":1,"totalPrice":32,"cartID":{"$oid":"5cf659ea1f2ff90b48a5faac"},"__v":0}
{"_id":{"$oid":"5cf6761d1f2ff90b48a5fab4"},"productID":{"$oid":"5cb3866cfcb6edfde4d3f5d6"},"quantity":1,"totalPrice":32,"cartID":{"$oid":"5cf675061f2ff90b48a5fab0"},"__v":0}
{"_id":{"$oid":"5cf676221f2ff90b48a5fab5"},"productID":{"$oid":"5cf57d021f2ff90b48a5fa6a"},"quantity":3,"totalPrice":36,"cartID":{"$oid":"5cf675061f2ff90b48a5fab0"},"__v":0}
{"_id":{"$oid":"5cf6762a1f2ff90b48a5fab6"},"productID":{"$oid":"5cf586781f2ff90b48a5fa76"},"quantity":1,"totalPrice":3.5,"cartID":{"$oid":"5cf675061f2ff90b48a5fab0"},"__v":0}
{"_id":{"$oid":"5cf676971f2ff90b48a5fab9"},"productID":{"$oid":"5cf584121f2ff90b48a5fa72"},"quantity":1,"totalPrice":9.9,"cartID":{"$oid":"5cf676691f2ff90b48a5fab8"},"__v":0}
{"_id":{"$oid":"5cf676991f2ff90b48a5faba"},"productID":{"$oid":"5cf586781f2ff90b48a5fa76"},"quantity":1,"totalPrice":3.5,"cartID":{"$oid":"5cf676691f2ff90b48a5fab8"},"__v":0}
{"_id":{"$oid":"5cf676bc1f2ff90b48a5fabb"},"productID":{"$oid":"5cf57f6d1f2ff90b48a5fa6f"},"quantity":4,"totalPrice":132,"cartID":{"$oid":"5cf676691f2ff90b48a5fab8"},"__v":0}
{"_id":{"$oid":"5cf677b81f2ff90b48a5fabe"},"productID":{"$oid":"5cf584121f2ff90b48a5fa72"},"quantity":1,"totalPrice":9.9,"cartID":{"$oid":"5cf677851f2ff90b48a5fabd"},"__v":0}
{"_id":{"$oid":"5cf677bc1f2ff90b48a5fabf"},"productID":{"$oid":"5cf586781f2ff90b48a5fa76"},"quantity":1,"totalPrice":3.5,"cartID":{"$oid":"5cf677851f2ff90b48a5fabd"},"__v":0}
{"_id":{"$oid":"5cf677bf1f2ff90b48a5fac0"},"productID":{"$oid":"5cf57f6d1f2ff90b48a5fa6f"},"quantity":1,"totalPrice":33,"cartID":{"$oid":"5cf677851f2ff90b48a5fabd"},"__v":0}
{"_id":{"$oid":"5cf677e01f2ff90b48a5fac3"},"productID":{"$oid":"5cf57f511f2ff90b48a5fa6e"},"quantity":1,"totalPrice":25,"cartID":{"$oid":"5cf677dd1f2ff90b48a5fac2"},"__v":0}
{"_id":{"$oid":"5cf677e21f2ff90b48a5fac4"},"productID":{"$oid":"5cf57f6d1f2ff90b48a5fa6f"},"quantity":1,"totalPrice":33,"cartID":{"$oid":"5cf677dd1f2ff90b48a5fac2"},"__v":0}
{"_id":{"$oid":"5cf678091f2ff90b48a5fac7"},"productID":{"$oid":"5cf57f0d1f2ff90b48a5fa6d"},"quantity":1,"totalPrice":18,"cartID":{"$oid":"5cf678061f2ff90b48a5fac6"},"__v":0}
{"_id":{"$oid":"5cf678301f2ff90b48a5fac8"},"productID":{"$oid":"5cf580b91f2ff90b48a5fa71"},"quantity":1,"totalPrice":19.5,"cartID":{"$oid":"5cf678061f2ff90b48a5fac6"},"__v":0}
{"_id":{"$oid":"5cf6787e1f2ff90b48a5fac9"},"productID":{"$oid":"5cb3866cfcb6edfde4d3f5d6"},"quantity":1,"totalPrice":32,"cartID":{"$oid":"5cf678061f2ff90b48a5fac6"},"__v":0}
{"_id":{"$oid":"5cf69b63ba418032e00e612f"},"productID":{"$oid":"5cb3866cfcb6edfde4d3f5d6"},"quantity":1,"totalPrice":32,"cartID":{"$oid":"5cf69b5fba418032e00e612e"},"__v":0}
{"_id":{"$oid":"5cf6f173ba418032e00e6142"},"productID":{"$oid":"5cf584121f2ff90b48a5fa72"},"quantity":1,"totalPrice":9.9,"cartID":{"$oid":"5cf6a191ba418032e00e6134"},"__v":0}
{"_id":{"$oid":"5cf70521ba418032e00e6143"},"productID":{"$oid":"5cf584341f2ff90b48a5fa73"},"quantity":2,"totalPrice":30,"cartID":{"$oid":"5cf6a191ba418032e00e6134"},"__v":0}
{"_id":{"$oid":"5cf75a9fba418032e00e6144"},"productID":{"$oid":"5cf5846e1f2ff90b48a5fa74"},"quantity":1,"totalPrice":3.5,"cartID":{"$oid":"5cf6a191ba418032e00e6134"},"__v":0}
{"_id":{"$oid":"5cf7afd0ba418032e00e6145"},"productID":{"$oid":"5cb3866cfcb6edfde4d3f5d6"},"quantity":1,"totalPrice":32,"cartID":{"$oid":"5cf6a191ba418032e00e6134"},"__v":0}
{"_id":{"$oid":"5cf7b16dba418032e00e6146"},"productID":{"$oid":"5cf579a71f2ff90b48a5fa65"},"quantity":1,"totalPrice":22,"cartID":{"$oid":"5cf6a191ba418032e00e6134"},"__v":0}
{"_id":{"$oid":"5cf7b170ba418032e00e6147"},"productID":{"$oid":"5cdde27b7780441a084ebcf6"},"quantity":1,"totalPrice":5,"cartID":{"$oid":"5cf6a191ba418032e00e6134"},"__v":0}
{"_id":{"$oid":"5cf7b173ba418032e00e6148"},"productID":{"$oid":"5cf3d745bbddd93120aa9c3e"},"quantity":1,"totalPrice":6,"cartID":{"$oid":"5cf6a191ba418032e00e6134"},"__v":0}
{"_id":{"$oid":"5cf7b175ba418032e00e6149"},"productID":{"$oid":"5cf57dbe1f2ff90b48a5fa6b"},"quantity":1,"totalPrice":4,"cartID":{"$oid":"5cf6a191ba418032e00e6134"},"__v":0}
{"_id":{"$oid":"5cf7b17fba418032e00e614a"},"productID":{"$oid":"5cf57df11f2ff90b48a5fa6c"},"quantity":1,"totalPrice":4.5,"cartID":{"$oid":"5cf6a191ba418032e00e6134"},"__v":0}
{"_id":{"$oid":"5cf7b5f2ba418032e00e614e"},"productID":{"$oid":"5ccddb91be6ebd2794c62528"},"quantity":1,"totalPrice":1.5,"cartID":{"$oid":"5cf7b5dbba418032e00e614d"},"__v":0}
{"_id":{"$oid":"5cf7b5f7ba418032e00e614f"},"productID":{"$oid":"5cf579a71f2ff90b48a5fa65"},"quantity":5,"totalPrice":110,"cartID":{"$oid":"5cf7b5dbba418032e00e614d"},"__v":0}
{"_id":{"$oid":"5cf7c895ba418032e00e6154"},"productID":{"$oid":"5cb3866cfcb6edfde4d3f5d6"},"quantity":1,"totalPrice":32,"cartID":{"$oid":"5cf7be43ba418032e00e6151"},"__v":0}
{"_id":{"$oid":"5cf7c899ba418032e00e6155"},"productID":{"$oid":"5ccddb91be6ebd2794c62528"},"quantity":1,"totalPrice":1.5,"cartID":{"$oid":"5cf7be43ba418032e00e6151"},"__v":0}
{"_id":{"$oid":"5cf7c89fba418032e00e6156"},"productID":{"$oid":"5cf579a71f2ff90b48a5fa65"},"quantity":1,"totalPrice":22,"cartID":{"$oid":"5cf7be43ba418032e00e6151"},"__v":0}
{"_id":{"$oid":"5cf7d87aba418032e00e615d"},"productID":{"$oid":"5cb3866cfcb6edfde4d3f5d6"},"quantity":2,"totalPrice":6,"cartID":{"$oid":"5cf7d600ba418032e00e615a"},"__v":0}
{"_id":{"$oid":"5cf7e350ba418032e00e615e"},"productID":{"$oid":"5ccddb91be6ebd2794c62528"},"quantity":1,"totalPrice":1.5,"cartID":{"$oid":"5cf7d600ba418032e00e615a"},"__v":0}
{"_id":{"$oid":"5cf7e5a9ba418032e00e6161"},"productID":{"$oid":"5cb3866cfcb6edfde4d3f5d6"},"quantity":1,"totalPrice":3,"cartID":{"$oid":"5cf7e599ba418032e00e6160"},"__v":0}
{"_id":{"$oid":"5cf7e6ffba418032e00e6164"},"productID":{"$oid":"5cf57f0d1f2ff90b48a5fa6d"},"quantity":1,"totalPrice":18,"cartID":{"$oid":"5cf7e6f9ba418032e00e6163"},"__v":0}
{"_id":{"$oid":"5cf7e731ba418032e00e6167"},"productID":{"$oid":"5cf57f0d1f2ff90b48a5fa6d"},"quantity":2,"totalPrice":36,"cartID":{"$oid":"5cf7e72eba418032e00e6166"},"__v":0}
{"_id":{"$oid":"5cf7ed5457a0a72e8849ad57"},"productID":{"$oid":"5ccddb91be6ebd2794c62528"},"quantity":1,"totalPrice":1.5,"cartID":{"$oid":"5cf7e72eba418032e00e6166"},"__v":0}
{"_id":{"$oid":"5cf8029742b59d30b8ca0fc9"},"productID":{"$oid":"5ccddb91be6ebd2794c62528"},"quantity":1,"totalPrice":1.5,"cartID":{"$oid":"5cf8029142b59d30b8ca0fc8"},"__v":0}
{"_id":{"$oid":"5cf8029e42b59d30b8ca0fca"},"productID":{"$oid":"5cf57ae81f2ff90b48a5fa66"},"quantity":4,"totalPrice":80,"cartID":{"$oid":"5cf8029142b59d30b8ca0fc8"},"__v":0}
{"_id":{"$oid":"5cf802a342b59d30b8ca0fcb"},"productID":{"$oid":"5cf579a71f2ff90b48a5fa65"},"quantity":8,"totalPrice":176,"cartID":{"$oid":"5cf8029142b59d30b8ca0fc8"},"__v":0}
{"_id":{"$oid":"5cf8030942b59d30b8ca0fce"},"productID":{"$oid":"5cb3866cfcb6edfde4d3f5d6"},"quantity":1,"totalPrice":5.7,"cartID":{"$oid":"5cf802f842b59d30b8ca0fcd"},"__v":0}
{"_id":{"$oid":"5cf80913130bd329c4a121d1"},"productID":{"$oid":"5ccddb91be6ebd2794c62528"},"quantity":1,"totalPrice":1.5,"cartID":{"$oid":"5cf80902130bd329c4a121d0"},"__v":0}
{"_id":{"$oid":"5cf80c79130bd329c4a121d4"},"productID":{"$oid":"5ccddb91be6ebd2794c62528"},"quantity":1,"totalPrice":1.5,"cartID":{"$oid":"5cf80c72130bd329c4a121d3"},"__v":0}
{"_id":{"$oid":"5cf80dac130bd329c4a121d7"},"productID":{"$oid":"5cb3866cfcb6edfde4d3f5d6"},"quantity":2,"totalPrice":11.4,"cartID":{"$oid":"5cf80da4130bd329c4a121d6"},"__v":0}
{"_id":{"$oid":"5cf80ddd130bd329c4a121da"},"productID":{"$oid":"5cb3866cfcb6edfde4d3f5d6"},"quantity":1,"totalPrice":5.7,"cartID":{"$oid":"5cf80dc7130bd329c4a121d9"},"__v":0}
{"_id":{"$oid":"5cf811c8130bd329c4a121e0"},"productID":{"$oid":"5cdde1a67780441a084ebcf4"},"quantity":1,"totalPrice":4.5,"cartID":{"$oid":"5cf811b0130bd329c4a121dc"},"__v":0}
{"_id":{"$oid":"5cf811da130bd329c4a121e1"},"productID":{"$oid":"5cb386cdfcb6edfde4d3f69a"},"quantity":1,"totalPrice":30,"cartID":{"$oid":"5cf811b0130bd329c4a121dc"},"__v":0}
{"_id":{"$oid":"5cf8126a130bd329c4a121e4"},"productID":{"$oid":"5cb3866cfcb6edfde4d3f5d6"},"quantity":1,"totalPrice":5.7,"cartID":{"$oid":"5cf81264130bd329c4a121e3"},"__v":0}
{"_id":{"$oid":"5cf8126d130bd329c4a121e5"},"productID":{"$oid":"5ccddb91be6ebd2794c62528"},"quantity":1,"totalPrice":1.5,"cartID":{"$oid":"5cf81264130bd329c4a121e3"},"__v":0}
