{"_id":{"$oid":"5cf7e71aba418032e00e6165"},"customerID":{"$oid":"5ccb07b3be6ebd2794c62526"},"cartID":{"$oid":"5cf7e6f9ba418032e00e6163"},"totalPrice":18,"city":"ABBIRIM","street":"Gilad","homeNum":55,"deliveryDate":"06/06/2019","creditCard":"4580121212121","orderDate":{"$date":"2019-06-05T16:00:26.222Z"},"__v":0}
{"_id":{"$oid":"5cf7ef1f42b59d30b8ca0fc4"},"customerID":{"$oid":"5ccb07b3be6ebd2794c62526"},"cartID":{"$oid":"5cf7e72eba418032e00e6166"},"totalPrice":37.5,"city":"ABBIRIM","street":"Gilad","homeNum":55,"deliveryDate":"06/05/2019","creditCard":"4580121212121","orderDate":{"$date":"2019-06-05T16:34:39.260Z"},"__v":0}
{"_id":{"$oid":"5cf802e642b59d30b8ca0fcc"},"customerID":{"$oid":"5cf8024842b59d30b8ca0fc7"},"cartID":{"$oid":"5cf8029142b59d30b8ca0fc8"},"totalPrice":257.5,"city":"ABU  ABDUN","street":"Gilad ","homeNum":32,"deliveryDate":"06/06/2019","creditCard":"4580121212111","orderDate":{"$date":"2019-06-05T17:59:02.829Z"},"__v":0}
{"_id":{"$oid":"5cf8031342b59d30b8ca0fcf"},"customerID":{"$oid":"5cf8024842b59d30b8ca0fc7"},"cartID":{"$oid":"5cf802f842b59d30b8ca0fcd"},"totalPrice":5.7,"city":"ABU  ABDUN","street":"Gilad ","homeNum":32,"deliveryDate":"06/05/2019","creditCard":"4580121212111","orderDate":{"$date":"2019-06-05T17:59:47.430Z"},"__v":0}
{"_id":{"$oid":"5cf80934130bd329c4a121d2"},"customerID":{"$oid":"5cf808e8130bd329c4a121cf"},"cartID":{"$oid":"5cf80902130bd329c4a121d0"},"totalPrice":1.5,"city":"ABU  ABDUN","street":"gil","homeNum":22,"deliveryDate":"06/06/2019","creditCard":"4580212121111","orderDate":{"$date":"2019-06-05T18:25:56.163Z"},"__v":0}
{"_id":{"$oid":"5cf80c7e130bd329c4a121d5"},"customerID":{"$oid":"5ccb07b3be6ebd2794c62526"},"cartID":{"$oid":"5cf80c72130bd329c4a121d3"},"totalPrice":1.5,"city":"ABBIRIM","street":"Gilad","homeNum":55,"deliveryDate":"06/05/2019","creditCard":"4580121212121","orderDate":{"$date":"2019-06-05T18:39:58.733Z"},"__v":0}
{"_id":{"$oid":"5cf80e1c130bd329c4a121db"},"customerID":{"$oid":"5ccb07b3be6ebd2794c62526"},"cartID":{"$oid":"5cf80dc7130bd329c4a121d9"},"totalPrice":5.7,"city":"ABBIRIM","street":"Gilad","homeNum":55,"deliveryDate":"06/05/2019","creditCard":"4580121212121","orderDate":{"$date":"2019-06-05T18:46:52.283Z"},"__v":0}
{"_id":{"$oid":"5cf811e4130bd329c4a121e2"},"customerID":{"$oid":"5ccb07b3be6ebd2794c62526"},"cartID":{"$oid":"5cf811b0130bd329c4a121dc"},"totalPrice":34.5,"city":"ABBIRIM","street":"Gilad","homeNum":55,"deliveryDate":"06/05/2019","creditCard":"4580121212121","orderDate":{"$date":"2019-06-05T19:03:00.866Z"},"__v":0}
{"_id":{"$oid":"5cf81432130bd329c4a121eb"},"customerID":{"$oid":"5ccb07b3be6ebd2794c62526"},"cartID":{"$oid":"5cf81264130bd329c4a121e3"},"totalPrice":7.2,"city":"ABBIRIM","street":"Gilad","homeNum":55,"deliveryDate":"06/05/2019","creditCard":"4580121212121","orderDate":{"$date":"2019-06-05T19:12:50.057Z"},"__v":0}
