{"_id":{"$oid":"5cb3866cfcb6edfde4d3f5d6"},"name":"Milk 3%","price":5.5,"pic":"uploads\\milk3.jpg","categoryID":{"$oid":"5cb37f0cfcb6edfde4d3eca1"}}
{"_id":{"$oid":"5cb386cdfcb6edfde4d3f69a"},"name":"Chicken","price":30,"pic":"uploads\\Chicken.jpg","categoryID":{"$oid":"5cb37f42fcb6edfde4d3ecf2"}}
{"_id":{"$oid":"5ccddb91be6ebd2794c62528"},"name":"Eshel","price":1.5,"pic":"uploads\\Eshel.jpg","categoryID":{"$oid":"5cb37f0cfcb6edfde4d3eca1"}}
{"_id":{"$oid":"5cdde1a67780441a084ebcf4"},"name":"Melon","price":4.5,"pic":"uploads\\Melon.jpg","categoryID":{"$oid":"5cdde15e7780441a084ebcf3"}}
{"_id":{"$oid":"5cdde2607780441a084ebcf5"},"name":"Apple","price":5.0,"pic":"uploads\\Apple.jpg","categoryID":{"$oid":"5cdde15e7780441a084ebcf3"}}
{"_id":{"$oid":"5cdde27b7780441a084ebcf6"},"name":"Banana","price":5.0,"pic":"uploads\\Banana.jpg","categoryID":{"$oid":"5cdde15e7780441a084ebcf3"}}
{"_id":{"$oid":"5cf3d745bbddd93120aa9c3e"},"categoryID":{"$oid":"5cdde15e7780441a084ebcf3"},"name":"Watermelon","price":6,"pic":"uploads\\Watermelon.jpg","__v":0}
{"_id":{"$oid":"5cf579a71f2ff90b48a5fa65"},"categoryID":{"$oid":"5cb37f0cfcb6edfde4d3eca1"},"name":"Yellow Cheese Emek","price":22,"pic":"uploads\\YellowCheeseEmek.jpg","__v":0}
{"_id":{"$oid":"5cf57ae81f2ff90b48a5fa66"},"categoryID":{"$oid":"5cb37f0cfcb6edfde4d3eca1"},"name":"Yellow cheese Gilboa","price":20,"pic":"uploads\\YellowCheeseGilboa.jpg","__v":0}
{"_id":{"$oid":"5cf57ca91f2ff90b48a5fa69"},"categoryID":{"$oid":"5cb37f0cfcb6edfde4d3eca1"},"name":"White cheese 5%","price":5,"pic":"uploads\\whiteCheese5.jpg","__v":0}
{"_id":{"$oid":"5cf57d021f2ff90b48a5fa6a"},"categoryID":{"$oid":"5cb37f0cfcb6edfde4d3eca1"},"name":"Eggs","price":12,"pic":"uploads\\Eggs.jpg","__v":0}
{"_id":{"$oid":"5cf57dbe1f2ff90b48a5fa6b"},"categoryID":{"$oid":"5cdde15e7780441a084ebcf3"},"name":"Cucumbers","price":4,"pic":"uploads\\Cucumbers.jpg","__v":0}
{"_id":{"$oid":"5cf57df11f2ff90b48a5fa6c"},"categoryID":{"$oid":"5cdde15e7780441a084ebcf3"},"name":"Tomatoes","price":4.5,"pic":"uploads\\Tomatoes.jpg","__v":0}
{"_id":{"$oid":"5cf57f0d1f2ff90b48a5fa6d"},"categoryID":{"$oid":"5cb37f42fcb6edfde4d3ecf2"},"name":"Salmon fish","price":18,"pic":"uploads\\Salmon.jpg","__v":0}
{"_id":{"$oid":"5cf57f511f2ff90b48a5fa6e"},"categoryID":{"$oid":"5cb37f42fcb6edfde4d3ecf2"},"name":"fillet fish","price":25,"pic":"uploads\\Phile.jpg","__v":0}
{"_id":{"$oid":"5cf57f6d1f2ff90b48a5fa6f"},"categoryID":{"$oid":"5cb37f42fcb6edfde4d3ecf2"},"name":"Hot dogs","price":33,"pic":"uploads\\hot-dogs.jpg","__v":0}
{"_id":{"$oid":"5cf580221f2ff90b48a5fa70"},"categoryID":{"$oid":"5cb37f42fcb6edfde4d3ecf2"},"name":"Hamburger","price":21,"pic":"uploads\\Hamburger.jpg","__v":0}
{"_id":{"$oid":"5cf580b91f2ff90b48a5fa71"},"categoryID":{"$oid":"5cb37f42fcb6edfde4d3ecf2"},"name":"Entrecote","price":19.5,"pic":"uploads\\Entrecote.jpg","__v":0}
{"_id":{"$oid":"5cf584121f2ff90b48a5fa72"},"categoryID":{"$oid":"5cf56d32f94f3c2ad4d7ae79"},"name":"Skittles","price":9.9,"pic":"uploads\\Skittles.jpg","__v":0}
{"_id":{"$oid":"5cf584341f2ff90b48a5fa73"},"categoryID":{"$oid":"5cf56d32f94f3c2ad4d7ae79"},"name":"Toffi candies","price":15,"pic":"uploads\\Toffi.jpg","__v":0}
{"_id":{"$oid":"5cf5846e1f2ff90b48a5fa74"},"categoryID":{"$oid":"5cf56d32f94f3c2ad4d7ae79"},"name":"Doritos","price":3.5,"pic":"uploads\\Doritos.jpg","__v":0}
{"_id":{"$oid":"5cf586431f2ff90b48a5fa75"},"categoryID":{"$oid":"5cf56d32f94f3c2ad4d7ae79"},"name":"Tapuchips","price":4.2,"pic":"uploads\\Tapuchips.jpg","__v":0}
{"_id":{"$oid":"5cf586781f2ff90b48a5fa76"},"categoryID":{"$oid":"5cf56d32f94f3c2ad4d7ae79"},"name":"Bamba","price":3.5,"pic":"uploads\\Bamba.jpg","__v":0}
{"_id":{"$oid":"5cf586ac1f2ff90b48a5fa78"},"categoryID":{"$oid":"5cf56d32f94f3c2ad4d7ae79"},"name":"Apropo","price":3.32,"pic":"uploads\\Apropo.jpg","__v":0}
{"_id":{"$oid":"5cf588801f2ff90b48a5fa7d"},"categoryID":{"$oid":"5cdde1237780441a084ebcf2"},"name":"Coca cola","price":5.6,"pic":"uploads\\coca-cola.jpg","__v":0}
{"_id":{"$oid":"5cf588971f2ff90b48a5fa7e"},"categoryID":{"$oid":"5cdde1237780441a084ebcf2"},"name":"Carlsberg beer","price":4.6,"pic":"uploads\\Carlsberg-Beer.jpg","__v":0}
{"_id":{"$oid":"5cf588ae1f2ff90b48a5fa7f"},"categoryID":{"$oid":"5cdde1237780441a084ebcf2"},"name":"Soda","price":3.5,"pic":"uploads\\Soda.jpg","__v":0}
{"_id":{"$oid":"5cf588c31f2ff90b48a5fa80"},"categoryID":{"$oid":"5cdde1237780441a084ebcf2"},"name":"Sprite","price":4.8,"pic":"uploads\\Sprite.jpg","__v":0}
{"_id":{"$oid":"5cf588d81f2ff90b48a5fa81"},"categoryID":{"$oid":"5cdde1237780441a084ebcf2"},"name":"Tirosh","price":11.8,"pic":"uploads\\Tirosh.jpg","__v":0}
{"_id":{"$oid":"5cf588f31f2ff90b48a5fa82"},"categoryID":{"$oid":"5cdde1237780441a084ebcf2"},"name":"Goldstar beer","price":5.65,"pic":"uploads\\Gold-Star-Beer.jpg","__v":0}
{"_id":{"$oid":"5cf803b342b59d30b8ca0fd1"},"categoryID":{"$oid":"5cf56d32f94f3c2ad4d7ae79"},"name":"Candy on stick","price":12,"pic":"uploads\\candy-on-stick.jpg","__v":0}
