{"_id":{"$oid":"5cf7e6f9ba418032e00e6163"},"customerID":{"$oid":"5ccb07b3be6ebd2794c62526"},"date":{"$date":"2019-06-05T15:59:53.312Z"},"__v":0}
{"_id":{"$oid":"5cf7e72eba418032e00e6166"},"customerID":{"$oid":"5ccb07b3be6ebd2794c62526"},"date":{"$date":"2019-06-05T16:00:46.304Z"},"__v":0}
{"_id":{"$oid":"5cf8029142b59d30b8ca0fc8"},"customerID":{"$oid":"5cf8024842b59d30b8ca0fc7"},"date":{"$date":"2019-06-05T17:57:37.182Z"},"__v":0}
{"_id":{"$oid":"5cf802f842b59d30b8ca0fcd"},"customerID":{"$oid":"5cf8024842b59d30b8ca0fc7"},"date":{"$date":"2019-06-05T17:59:20.626Z"},"__v":0}
{"_id":{"$oid":"5cf80902130bd329c4a121d0"},"customerID":{"$oid":"5cf808e8130bd329c4a121cf"},"date":{"$date":"2019-06-05T18:25:06.649Z"},"__v":0}
{"_id":{"$oid":"5cf80c72130bd329c4a121d3"},"customerID":{"$oid":"5ccb07b3be6ebd2794c62526"},"date":{"$date":"2019-06-05T18:39:46.037Z"},"__v":0}
{"_id":{"$oid":"5cf80da4130bd329c4a121d6"},"customerID":{"$oid":"5ccb07b3be6ebd2794c62526"},"date":{"$date":"2019-06-05T18:44:52.687Z"},"__v":0}
{"_id":{"$oid":"5cf80db9130bd329c4a121d8"},"customerID":{"$oid":"5ccb07b3be6ebd2794c62526"},"date":{"$date":"2019-06-05T18:45:13.445Z"},"__v":0}
{"_id":{"$oid":"5cf80dc7130bd329c4a121d9"},"customerID":{"$oid":"5ccb07b3be6ebd2794c62526"},"date":{"$date":"2019-06-05T18:45:27.095Z"},"__v":0}
{"_id":{"$oid":"5cf811b0130bd329c4a121dc"},"customerID":{"$oid":"5ccb07b3be6ebd2794c62526"},"date":{"$date":"2019-06-05T19:02:08.984Z"},"__v":0}
{"_id":{"$oid":"5cf81264130bd329c4a121e3"},"customerID":{"$oid":"5ccb07b3be6ebd2794c62526"},"date":{"$date":"2019-06-05T19:05:08.932Z"},"__v":0}
