[{"_id":1220,"heb_name":"אבירים","eng_name":"ABBIRIM"},{"_id":958,"heb_name":"אבו עבדון )שבט(","eng_name":"ABU  ABDUN"},{"_id":1042,"heb_name":"אבו עמאר )שבט(","eng_name":"ABU  AMMAR"},{"_id":932,"heb_name":"אבו עמרה )שבט(","eng_name":"ABU  AMRE"},{"_id":472,"heb_name":"אבו גוש","eng_name":"ABU GHOSH"},{"_id":967,"heb_name":"אבו ג'ווייעד )שבט(","eng_name":"ABU JUWEI'ID"},{"_id":968,"heb_name":"אבו קורינאת )שבט(","eng_name":"ABU QUREINAT"},{"_id":1342,"heb_name":"אבו קרינאת )יישוב(","eng_name":"ABU QUREINAT"},{"_id":966,"heb_name":"אבו רובייעה )שבט(","eng_name":"ABU RUBEI'A"},{"_id":961,"heb_name":"אבו רוקייק )שבט(","eng_name":"ABU RUQAYYEQ"},{"_id":473,"heb_name":"אבו סנאן","eng_name":"ABU SINAN"},{"_id":935,"heb_name":"אבו סריחאן )שבט(","eng_name":"ABU SUREIHAN"},{"_id":1375,"heb_name":"אבו תלול","eng_name":"ABU TULUL"},{"_id":1068,"heb_name":"אדמית","eng_name":"ADAMIT"},{"_id":2035,"heb_name":"עדנים","eng_name":"ADANIM"},{"_id":1123,"heb_name":"אדרת","eng_name":"ADDERET"},{"_id":113,"heb_name":"אדירים","eng_name":"ADDIRIM"},{"_id":1199,"heb_name":"עדי","eng_name":"ADI"},{"_id":3759,"heb_name":"אדורה","eng_name":"ADORA"},{"_id":959,"heb_name":"אפיניש )שבט(","eng_name":"AFEINISH"},{"_id":313,"heb_name":"אפק","eng_name":"AFEQ"},{"_id":4301,"heb_name":"אפיק","eng_name":"AFIQ"},{"_id":176,"heb_name":"אפיקים","eng_name":"AFIQIM"},{"_id":7700,"heb_name":"עפולה","eng_name":"AFULA"},{"_id":794,"heb_name":"עגור","eng_name":"AGUR"},{"_id":1157,"heb_name":"אחווה","eng_name":"AHAWA"},{"_id":797,"heb_name":"אחיעזר","eng_name":"AHI'EZER"},{"_id":785,"heb_name":"אחיהוד","eng_name":"AHIHUD"},{"_id":804,"heb_name":"אחיסמך","eng_name":"AHISAMAKH"},{"_id":850,"heb_name":"אחיטוב","eng_name":"AHITUV"},{"_id":821,"heb_name":"אחוזם","eng_name":"AHUZZAM"},{"_id":1330,"heb_name":"אחוזת ברק","eng_name":"AHUZZAT BARAQ"},{"_id":7600,"heb_name":"עכו","eng_name":"AKKO"},{"_id":1359,"heb_name":"אל סייד","eng_name":"AL SAYYID"},{"_id":1316,"heb_name":"אל-עריאן","eng_name":"AL-ARYAN"},{"_id":1339,"heb_name":"אל-עזי","eng_name":"AL-AZY"},{"_id":3727,"heb_name":"עלי זהב","eng_name":"ALE ZAHAV"},{"_id":3750,"heb_name":"אלפי מנשה","eng_name":"ALFE MENASHE"},{"_id":1182,"heb_name":"אלון הגליל","eng_name":"ALLON HAGALIL"},{"_id":3604,"heb_name":"אלון שבות","eng_name":"ALLON SHEVUT"},{"_id":429,"heb_name":"אלוני אבא","eng_name":"ALLONE ABBA"},{"_id":4017,"heb_name":"אלוני הבשן","eng_name":"ALLONE HABASHAN"},{"_id":868,"heb_name":"אלוני יצחק","eng_name":"ALLONE YIZHAQ"},{"_id":285,"heb_name":"אלונים","eng_name":"ALLONIM"},{"_id":688,"heb_name":"עלמה","eng_name":"ALMA"},{"_id":1125,"heb_name":"אלמגור","eng_name":"ALMAGOR"},{"_id":3556,"heb_name":"אלמוג","eng_name":"ALMOG"},{"_id":3715,"heb_name":"עלמון","eng_name":"ALMON"},{"_id":1146,"heb_name":"עלומים","eng_name":"ALUMIM"},{"_id":1145,"heb_name":"אלומה","eng_name":"ALUMMA"},{"_id":330,"heb_name":"אלומות","eng_name":"ALUMMOT"},{"_id":23,"heb_name":"אמציה","eng_name":"AMAZYA"},{"_id":319,"heb_name":"עמיר","eng_name":"AMIR"},{"_id":1064,"heb_name":"אמירים","eng_name":"AMIRIM"},{"_id":385,"heb_name":"עמיעד","eng_name":"AMMI'AD"},{"_id":3824,"heb_name":"עמיחי","eng_name":"AMMIHAY"},{"_id":779,"heb_name":"עמינדב","eng_name":"AMMINADAV"},{"_id":318,"heb_name":"עמיעוז","eng_name":"AMMI'OZ"},{"_id":773,"heb_name":"עמיקם","eng_name":"AMMIQAM"},{"_id":1253,"heb_name":"אמנון","eng_name":"AMNUN"},{"_id":708,"heb_name":"עמקה","eng_name":"AMQA"},{"_id":1212,"heb_name":"עמוקה","eng_name":"AMUQQA"},{"_id":4012,"heb_name":"אניעם","eng_name":"ANI'AM"},{"_id":2560,"heb_name":"ערד","eng_name":"ARAD"},{"_id":1246,"heb_name":"עראמשה","eng_name":"ARAMSHA"},{"_id":637,"heb_name":"ערערה","eng_name":"AR'ARA"},{"_id":1192,"heb_name":"ערערה-בנגב","eng_name":"AR'ARA-BANEGEV"},{"_id":701,"heb_name":"ארבל","eng_name":"ARBEL"},{"_id":3598,"heb_name":"ארגמן","eng_name":"ARGAMAN"},{"_id":3570,"heb_name":"אריאל","eng_name":"ARI'EL"},{"_id":1335,"heb_name":"ערב אל נעים","eng_name":"ARRAB AL NAIM"},{"_id":531,"heb_name":"עראבה","eng_name":"ARRABE"},{"_id":1324,"heb_name":"ארסוף","eng_name":"ARSUF"},{"_id":593,"heb_name":"ערוגות","eng_name":"ARUGOT"},{"_id":960,"heb_name":"אסד )שבט(","eng_name":"ASAD"},{"_id":963,"heb_name":"אעצם )שבט(","eng_name":"A'SAM"},{"_id":3754,"heb_name":"אספר","eng_name":"ASEFAR"},{"_id":591,"heb_name":"עשרת","eng_name":"ASERET"},{"_id":1152,"heb_name":"אשלים","eng_name":"ASHALIM"},{"_id":70,"heb_name":"אשדוד","eng_name":"ASHDOD"},{"_id":199,"heb_name":"אשדות יעקב  )איחוד(","eng_name":"ASHDOT YA'AQOV(IHUD)"},{"_id":188,"heb_name":"אשדות יעקב  )מאוחד(","eng_name":"ASHDOT YA'AQOV(ME'UH"},{"_id":1256,"heb_name":"אשרת","eng_name":"ASHERAT"},{"_id":7100,"heb_name":"אשקלון","eng_name":"ASHQELON"},{"_id":969,"heb_name":"עטאוונה )שבט(","eng_name":"ATAWNE"},{"_id":3658,"heb_name":"עטרת","eng_name":"ATERET"},{"_id":53,"heb_name":"עתלית","eng_name":"ATLIT"},{"_id":965,"heb_name":"אטרש )שבט(","eng_name":"ATRASH"},{"_id":917,"heb_name":"עצמון שגב","eng_name":"ATSMON-SEGEV"},{"_id":892,"heb_name":"עבדון","eng_name":"AVDON"},{"_id":3786,"heb_name":"אבנת","eng_name":"AVENAT"},{"_id":679,"heb_name":"אביאל","eng_name":"AVI'EL"},{"_id":1070,"heb_name":"אביעזר","eng_name":"AVI'EZER"},{"_id":819,"heb_name":"אביגדור","eng_name":"AVIGEDOR"},{"_id":175,"heb_name":"אביחיל","eng_name":"AVIHAYIL"},{"_id":2052,"heb_name":"אביטל","eng_name":"AVITAL"},{"_id":1115,"heb_name":"אביבים","eng_name":"AVIVIM"},{"_id":4011,"heb_name":"אבני איתן","eng_name":"AVNE ETAN"},{"_id":3793,"heb_name":"אבני חפץ","eng_name":"AVNE HEFEZ"},{"_id":1311,"heb_name":"אבשלום","eng_name":"AVSHALOM"},{"_id":1275,"heb_name":"אבטליון","eng_name":"AVTALYON"},{"_id":156,"heb_name":"עיינות","eng_name":"AYANOT"},{"_id":77,"heb_name":"איילת השחר","eng_name":"AYYELET HASHAHAR"},{"_id":711,"heb_name":"עזריה","eng_name":"AZARYA"},{"_id":565,"heb_name":"אזור","eng_name":"AZOR"},{"_id":837,"heb_name":"עזריאל","eng_name":"AZRI'EL"},{"_id":817,"heb_name":"עזריקם","eng_name":"AZRIQAM"},{"_id":2043,"heb_name":"בחן","eng_name":"BAHAN"},{"_id":94,"heb_name":"בלפוריה","eng_name":"BALFURIYYA"},{"_id":6000,"heb_name":"באקה אל-גרביה","eng_name":"BAQA AL-GHARBIYYE"},{"_id":823,"heb_name":"בר גיורא","eng_name":"BAR GIYYORA"},{"_id":1191,"heb_name":"בר יוחאי","eng_name":"BAR YOHAY"},{"_id":667,"heb_name":"ברעם","eng_name":"BAR'AM"},{"_id":141,"heb_name":"ברק","eng_name":"BARAQ"},{"_id":2038,"heb_name":"ברקת","eng_name":"BAREQET"},{"_id":3654,"heb_name":"ברקן","eng_name":"BARQAN"},{"_id":617,"heb_name":"ברקאי","eng_name":"BARQAY"},{"_id":1326,"heb_name":"בסמ\"ה","eng_name":"BASMA"},{"_id":944,"heb_name":"בסמת טבעון","eng_name":"BASMAT TAB'UN"},{"_id":3794,"heb_name":"בת עין","eng_name":"BAT AYIN"},{"_id":1323,"heb_name":"בת הדר","eng_name":"BAT HADAR"},{"_id":1401,"heb_name":"בת חצור","eng_name":"BAT HAZOR"},{"_id":1319,"heb_name":"בת חפר","eng_name":"BAT HEFER"},{"_id":1361,"heb_name":"בת חן","eng_name":"BAT HEN"},{"_id":33,"heb_name":"בת שלמה","eng_name":"BAT SHELOMO"},{"_id":6200,"heb_name":"בת ים","eng_name":"BAT YAM"},{"_id":389,"heb_name":"בצרה","eng_name":"BAZRA"},{"_id":1376,"heb_name":"באר גנים","eng_name":"BEER GANNIM"},{"_id":1278,"heb_name":"באר מילכה","eng_name":"BE'ER MILKA"},{"_id":21,"heb_name":"באר אורה","eng_name":"BE'ER ORA"},{"_id":9000,"heb_name":"באר שבע","eng_name":"BE'ER SHEVA"},{"_id":155,"heb_name":"באר טוביה","eng_name":"BE'ER TUVEYA"},{"_id":2530,"heb_name":"באר יעקב","eng_name":"BE'ER YA'AQOV"},{"_id":399,"heb_name":"בארי","eng_name":"BE'ERI"},{"_id":450,"heb_name":"בארות יצחק","eng_name":"BE'EROT YIZHAQ"},{"_id":697,"heb_name":"בארותיים","eng_name":"BE'EROTAYIM"},{"_id":480,"heb_name":"בית ג'ן","eng_name":"BEIT JANN"},{"_id":712,"heb_name":"בן עמי","eng_name":"BEN AMMI"},{"_id":2013,"heb_name":"בן שמן )מושב(","eng_name":"BEN SHEMEN (MOSHAV)"},{"_id":1084,"heb_name":"בן שמן )כפר נוער(","eng_name":"BEN SHEMEN(K.NO'AR)"},{"_id":760,"heb_name":"בן זכאי","eng_name":"BEN ZAKKAY"},{"_id":685,"heb_name":"בניה","eng_name":"BENAYA"},{"_id":448,"heb_name":"בני עטרות","eng_name":"BENE ATAROT"},{"_id":1066,"heb_name":"בני עי\"ש","eng_name":"BENE AYISH"},{"_id":6100,"heb_name":"בני ברק","eng_name":"BENE BERAQ"},{"_id":592,"heb_name":"בני דרום","eng_name":"BENE DAROM"},{"_id":386,"heb_name":"בני דרור","eng_name":"BENE DEROR"},{"_id":1363,"heb_name":"בני נצרים","eng_name":"BENE NEZARIM"},{"_id":588,"heb_name":"בני ראם","eng_name":"BENE RE'EM"},{"_id":4015,"heb_name":"בני יהודה","eng_name":"BENE YEHUDA"},{"_id":418,"heb_name":"בני ציון","eng_name":"BENE ZIYYON"},{"_id":3612,"heb_name":"בקעות","eng_name":"BEQA'OT"},{"_id":864,"heb_name":"בקוע","eng_name":"BEQOA"},{"_id":3710,"heb_name":"ברכה","eng_name":"BERAKHA"},{"_id":746,"heb_name":"ברכיה","eng_name":"BEREKHYA"},{"_id":428,"heb_name":"ברור חיל","eng_name":"BEROR HAYIL"},{"_id":2060,"heb_name":"ברוש","eng_name":"BEROSH"},{"_id":95,"heb_name":"בית אלפא","eng_name":"BET ALFA"},{"_id":604,"heb_name":"בית עריף","eng_name":"BET ARIF"},{"_id":3652,"heb_name":"בית אריה","eng_name":"BET ARYE"},{"_id":1076,"heb_name":"בית ברל","eng_name":"BET BERL"},{"_id":466,"heb_name":"בית דגן","eng_name":"BET DAGAN"},{"_id":3574,"heb_name":"בית אל","eng_name":"BET EL"},{"_id":562,"heb_name":"בית אלעזרי","eng_name":"BET EL'AZARI"},{"_id":756,"heb_name":"בית עזרא","eng_name":"BET EZRA"},{"_id":571,"heb_name":"בית גמליאל","eng_name":"BET GAMLI'EL"},{"_id":619,"heb_name":"בית גוברין","eng_name":"BET GUVRIN"},{"_id":3645,"heb_name":"בית הערבה","eng_name":"BET HAARAVA"},{"_id":572,"heb_name":"בית העמק","eng_name":"BET HAEMEQ"},{"_id":723,"heb_name":"בית הגדי","eng_name":"BET HAGADDI"},{"_id":373,"heb_name":"בית הלוי","eng_name":"BET HALEVI"},{"_id":159,"heb_name":"בית חנן","eng_name":"BET HANAN"},{"_id":800,"heb_name":"בית חנניה","eng_name":"BET HANANYA"},{"_id":242,"heb_name":"בית השיטה","eng_name":"BET HASHITTA"},{"_id":1050,"heb_name":"בית חשמונאי","eng_name":"BET HASHMONAY"},{"_id":877,"heb_name":"בית חירות","eng_name":"BET HERUT"},{"_id":322,"heb_name":"בית הלל","eng_name":"BET HILLEL"},{"_id":2033,"heb_name":"בית חלקיה","eng_name":"BET HILQIYYA"},{"_id":3575,"heb_name":"בית חורון","eng_name":"BET HORON"},{"_id":430,"heb_name":"בית לחם הגלילית","eng_name":"BET LEHEM HAGELILIT"},{"_id":751,"heb_name":"בית מאיר","eng_name":"BET ME'IR"},{"_id":784,"heb_name":"בית נחמיה","eng_name":"BET NEHEMYA"},{"_id":672,"heb_name":"בית נקופה","eng_name":"BET NEQOFA"},{"_id":16,"heb_name":"בית ניר","eng_name":"BET NIR"},{"_id":317,"heb_name":"בית אורן","eng_name":"BET OREN"},{"_id":202,"heb_name":"בית עובד","eng_name":"BET OVED"},{"_id":598,"heb_name":"בית קמה","eng_name":"BET QAMA"},{"_id":365,"heb_name":"בית קשת","eng_name":"BET QESHET"},{"_id":848,"heb_name":"בית רבן","eng_name":"BET RABBAN"},{"_id":1162,"heb_name":"בית רימון","eng_name":"BET RIMMON"},{"_id":9200,"heb_name":"בית שאן","eng_name":"BET SHE'AN"},{"_id":248,"heb_name":"בית שערים","eng_name":"BET SHE'ARIM"},{"_id":2610,"heb_name":"בית שמש","eng_name":"BET SHEMESH"},{"_id":747,"heb_name":"בית שקמה","eng_name":"BET SHIQMA"},{"_id":301,"heb_name":"בית עוזיאל","eng_name":"BET UZZI'EL"},{"_id":200,"heb_name":"בית ינאי","eng_name":"BET YANNAY"},{"_id":288,"heb_name":"בית יהושע","eng_name":"BET YEHOSHUA"},{"_id":326,"heb_name":"בית יצחק-שער חפר","eng_name":"BET YIZHAQ-SH. HEFER"},{"_id":265,"heb_name":"בית יוסף","eng_name":"BET YOSEF"},{"_id":710,"heb_name":"בית זית","eng_name":"BET ZAYIT"},{"_id":353,"heb_name":"בית זיד","eng_name":"BET ZEID"},{"_id":143,"heb_name":"בית זרע","eng_name":"BET ZERA"},{"_id":212,"heb_name":"בית צבי","eng_name":"BET ZEVI"},{"_id":3780,"heb_name":"ביתר עילית","eng_name":"BETAR ILLIT"},{"_id":589,"heb_name":"בצת","eng_name":"BEZET"},{"_id":483,"heb_name":"בענה","eng_name":"BI NE"},{"_id":9800,"heb_name":"בנימינה-גבעת עדה","eng_name":"BINYAMINA"},{"_id":998,"heb_name":"ביר אל-מכסור","eng_name":"BIR EL-MAKSUR"},{"_id":1348,"heb_name":"ביר הדאג'","eng_name":"BIR HADAGE"},{"_id":368,"heb_name":"ביריה","eng_name":"BIRIYYA"},{"_id":252,"heb_name":"ביתן אהרן","eng_name":"BITAN AHARON"},{"_id":762,"heb_name":"בטחה","eng_name":"BITHA"},{"_id":234,"heb_name":"ביצרון","eng_name":"BIZZARON"},{"_id":1368,"heb_name":"בני דקלים","eng_name":"BNE DKALIM"},{"_id":3744,"heb_name":"ברוכין","eng_name":"BRUKHIN"},{"_id":482,"heb_name":"בועיינה-נוג'ידאת","eng_name":"BU'EINE-NUJEIDAT"},{"_id":4001,"heb_name":"בוקעאתא","eng_name":"BUQ'ATA"},{"_id":698,"heb_name":"בורגתה","eng_name":"BURGETA"},{"_id":559,"heb_name":"בוסתן הגליל","eng_name":"BUSTAN HAGALIL"},{"_id":489,"heb_name":"דבוריה","eng_name":"DABBURYE"},{"_id":302,"heb_name":"דפנה","eng_name":"DAFNA"},{"_id":475,"heb_name":"דחי","eng_name":"DAHI"},{"_id":494,"heb_name":"דאלית אל-כרמל","eng_name":"DALIYAT AL-KARMEL"},{"_id":300,"heb_name":"דליה","eng_name":"DALIYYA"},{"_id":431,"heb_name":"דלתון","eng_name":"DALTON"},{"_id":303,"heb_name":"דן","eng_name":"DAN"},{"_id":407,"heb_name":"דברת","eng_name":"DAVERAT"},{"_id":62,"heb_name":"דגניה א'","eng_name":"DEGANYA ALEF"},{"_id":79,"heb_name":"דגניה ב'","eng_name":"DEGANYA BET"},{"_id":490,"heb_name":"דייר אל-אסד","eng_name":"DEIR AL-ASAD"},{"_id":492,"heb_name":"דייר חנא","eng_name":"DEIR HANNA"},{"_id":493,"heb_name":"דייר ראפאת","eng_name":"DEIR RAFAT"},{"_id":1317,"heb_name":"דמיידה","eng_name":"DEMEIDE"},{"_id":1241,"heb_name":"דקל","eng_name":"DEQEL"},{"_id":1349,"heb_name":"דריג'את","eng_name":"DERIG'AT"},{"_id":849,"heb_name":"דבירה","eng_name":"DEVIRA"},{"_id":146,"heb_name":"דבורה","eng_name":"DEVORA"},{"_id":2200,"heb_name":"דימונה","eng_name":"DIMONA"},{"_id":2063,"heb_name":"דישון","eng_name":"DISHON"},{"_id":3747,"heb_name":"דולב","eng_name":"DOLEV"},{"_id":738,"heb_name":"דור","eng_name":"DOR"},{"_id":336,"heb_name":"דורות","eng_name":"DOROT"},{"_id":1067,"heb_name":"דוב\"ב","eng_name":"DOVEV"},{"_id":3650,"heb_name":"אפרת","eng_name":"EFRAT"},{"_id":530,"heb_name":"עיילבון","eng_name":"EILABUN"},{"_id":546,"heb_name":"עין אל-אסד","eng_name":"EIN AL-ASAD"},{"_id":1320,"heb_name":"עין חוד","eng_name":"EIN HOD"},{"_id":532,"heb_name":"עין מאהל","eng_name":"EIN MAHEL"},{"_id":521,"heb_name":"עין נקובא","eng_name":"EIN NAQQUBA"},{"_id":4502,"heb_name":"עין קנייא","eng_name":"EIN QINIYYE"},{"_id":514,"heb_name":"עין ראפה","eng_name":"EIN RAFA"},{"_id":1309,"heb_name":"אלעד","eng_name":"EL'AD"},{"_id":2600,"heb_name":"אילת","eng_name":"ELAT"},{"_id":3618,"heb_name":"אלעזר","eng_name":"EL'AZAR"},{"_id":3765,"heb_name":"עלי","eng_name":"ELI"},{"_id":4002,"heb_name":"אלי-עד","eng_name":"ELI AL"},{"_id":1365,"heb_name":"אליאב","eng_name":"ELIAV"},{"_id":1248,"heb_name":"אליפז","eng_name":"ELIFAZ"},{"_id":730,"heb_name":"אליפלט","eng_name":"ELIFELET"},{"_id":841,"heb_name":"אלישמע","eng_name":"ELISHAMA"},{"_id":294,"heb_name":"אילון","eng_name":"ELON"},{"_id":3579,"heb_name":"אלון מורה","eng_name":"ELON MORE"},{"_id":1126,"heb_name":"אילות","eng_name":"ELOT"},{"_id":3560,"heb_name":"אלקנה","eng_name":"ELQANA"},{"_id":603,"heb_name":"אלקוש","eng_name":"ELQOSH"},{"_id":4003,"heb_name":"אל-רום","eng_name":"EL-ROM"},{"_id":41,"heb_name":"אליכין","eng_name":"ELYAKHIN"},{"_id":682,"heb_name":"אליקים","eng_name":"ELYAQIM"},{"_id":204,"heb_name":"אלישיב","eng_name":"ELYASHIV"},{"_id":772,"heb_name":"אמונים","eng_name":"EMUNIM"},{"_id":687,"heb_name":"עין איילה","eng_name":"EN AYYALA"},{"_id":436,"heb_name":"עין דור","eng_name":"EN DOR"},{"_id":2042,"heb_name":"עין גדי","eng_name":"EN GEDI"},{"_id":273,"heb_name":"עין גב","eng_name":"EN GEV"},{"_id":1240,"heb_name":"עין הבשור","eng_name":"EN HABESOR"},{"_id":367,"heb_name":"עין העמק","eng_name":"EN HAEMEQ"},{"_id":167,"heb_name":"עין החורש","eng_name":"EN HAHORESH"},{"_id":289,"heb_name":"עין המפרץ","eng_name":"EN HAMIFRAZ"},{"_id":383,"heb_name":"עין הנצי\"ב","eng_name":"EN HANAZIV"},{"_id":89,"heb_name":"עין חרוד )איחוד(","eng_name":"EN HAROD (IHUD)"},{"_id":82,"heb_name":"עין חרוד )מאוחד(","eng_name":"EN HAROD(ME'UHAD)"},{"_id":676,"heb_name":"עין השלושה","eng_name":"EN HASHELOSHA"},{"_id":270,"heb_name":"עין השופט","eng_name":"EN HASHOFET"},{"_id":1053,"heb_name":"עין חצבה","eng_name":"EN HAZEVA"},{"_id":74,"heb_name":"עין הוד","eng_name":"EN HOD"},{"_id":223,"heb_name":"עין עירון","eng_name":"EN IRON"},{"_id":1056,"heb_name":"עין כרם-בי\"ס חקלאי","eng_name":"EN KAREM-B.S.HAQLA'I"},{"_id":426,"heb_name":"עין כרמל","eng_name":"EN KARMEL"},{"_id":880,"heb_name":"עין שריד","eng_name":"EN SARID"},{"_id":139,"heb_name":"עין שמר","eng_name":"EN SHEMER"},{"_id":1251,"heb_name":"עין תמר","eng_name":"EN TAMAR"},{"_id":157,"heb_name":"עין ורד","eng_name":"EN WERED"},{"_id":813,"heb_name":"עין יעקב","eng_name":"EN YA'AQOV"},{"_id":806,"heb_name":"עין יהב","eng_name":"EN YAHAV"},{"_id":4503,"heb_name":"עין זיוון","eng_name":"EN ZIWAN"},{"_id":622,"heb_name":"עין צורים","eng_name":"EN ZURIM"},{"_id":871,"heb_name":"עינת","eng_name":"ENAT"},{"_id":3712,"heb_name":"ענב","eng_name":"ENAV"},{"_id":null,"heb_name":"","eng_name":""},{"_id":714,"heb_name":"ארז","eng_name":"EREZ"},{"_id":71,"heb_name":"אשבול","eng_name":"ESHBOL"},{"_id":2021,"heb_name":"אשל הנשיא","eng_name":"ESHEL HANASI"},{"_id":1188,"heb_name":"אשחר","eng_name":"ESHHAR"},{"_id":3722,"heb_name":"אשכולות","eng_name":"ESHKOLOT"},{"_id":740,"heb_name":"אשתאול","eng_name":"ESHTA'OL"},{"_id":37,"heb_name":"איתן","eng_name":"ETAN"},{"_id":886,"heb_name":"איתנים","eng_name":"ETANIM"},{"_id":1298,"heb_name":"אתגר","eng_name":"ETGAR"},{"_id":1081,"heb_name":"אבן מנחם","eng_name":"EVEN MENAHEM"},{"_id":783,"heb_name":"אבן ספיר","eng_name":"EVEN SAPPIR"},{"_id":400,"heb_name":"אבן שמואל","eng_name":"EVEN SHEMU'EL"},{"_id":182,"heb_name":"אבן יהודה","eng_name":"EVEN YEHUDA"},{"_id":369,"heb_name":"גלעד )אבן יצחק(","eng_name":"EVEN YIZHAQ(GAL'ED)"},{"_id":376,"heb_name":"עברון","eng_name":"EVRON"},{"_id":716,"heb_name":"אייל","eng_name":"EYAL"},{"_id":3778,"heb_name":"עץ אפרים","eng_name":"EZ EFRAYIM"},{"_id":1149,"heb_name":"עזר","eng_name":"EZER"},{"_id":328,"heb_name":"עזוז","eng_name":"EZUZ"},{"_id":535,"heb_name":"פסוטה","eng_name":"FASSUTA"},{"_id":537,"heb_name":"פוריידיס","eng_name":"FUREIDIS"},{"_id":842,"heb_name":"געש","eng_name":"GA'ASH"},{"_id":145,"heb_name":"גדיש","eng_name":"GADISH"},{"_id":35,"heb_name":"גדות","eng_name":"GADOT"},{"_id":393,"heb_name":"גלאון","eng_name":"GAL'ON"},{"_id":1072,"heb_name":"גן הדרום","eng_name":"GAN HADAROM"},{"_id":225,"heb_name":"גן השומרון","eng_name":"GAN HASHOMERON"},{"_id":239,"heb_name":"גן חיים","eng_name":"GAN HAYYIM"},{"_id":1274,"heb_name":"גן נר","eng_name":"GAN NER"},{"_id":144,"heb_name":"גן שלמה","eng_name":"GAN SHELOMO"},{"_id":72,"heb_name":"גן שמואל","eng_name":"GAN SHEMU'EL"},{"_id":311,"heb_name":"גן שורק","eng_name":"GAN SOREQ"},{"_id":166,"heb_name":"גן יבנה","eng_name":"GAN YAVNE"},{"_id":734,"heb_name":"גן יאשיה","eng_name":"GAN YOSHIYYA"},{"_id":218,"heb_name":"גני עם","eng_name":"GANNE AM"},{"_id":1103,"heb_name":"גני הדר","eng_name":"GANNE HADAR"},{"_id":3823,"heb_name":"גני מודיעין","eng_name":"GANNE MODIIN"},{"_id":1371,"heb_name":"גני טל","eng_name":"GANNE TAL"},{"_id":229,"heb_name":"גני תקווה","eng_name":"GANNE TIQWA"},{"_id":862,"heb_name":"גני יוחנן","eng_name":"GANNE YOHANAN"},{"_id":836,"heb_name":"גנות","eng_name":"GANNOT"},{"_id":549,"heb_name":"גנות הדר","eng_name":"GANNOT HADAR"},{"_id":128,"heb_name":"גת רימון","eng_name":"GAT RIMMON"},{"_id":340,"heb_name":"גת )קיבוץ(","eng_name":"GAT(QIBBUZ)"},{"_id":463,"heb_name":"געתון","eng_name":"GA'TON"},{"_id":457,"heb_name":"גזית","eng_name":"GAZIT"},{"_id":706,"heb_name":"גיאה","eng_name":"GE'A"},{"_id":853,"heb_name":"גאליה","eng_name":"GE'ALYA"},{"_id":2550,"heb_name":"גדרה","eng_name":"GEDERA"},{"_id":39,"heb_name":"גפן","eng_name":"GEFEN"},{"_id":346,"heb_name":"גליל ים","eng_name":"GELIL YAM"},{"_id":1129,"heb_name":"גרופית","eng_name":"GEROFIT"},{"_id":305,"heb_name":"גשר","eng_name":"GESHER"},{"_id":574,"heb_name":"גשר הזיו","eng_name":"GESHER HAZIW"},{"_id":4022,"heb_name":"גשור","eng_name":"GESHUR"},{"_id":872,"heb_name":"גאולי תימן","eng_name":"GE'ULE TEMAN"},{"_id":379,"heb_name":"גאולים","eng_name":"GE'ULIM"},{"_id":86,"heb_name":"גבע","eng_name":"GEVA"},{"_id":683,"heb_name":"גבע כרמל","eng_name":"GEVA  KARMEL"},{"_id":3763,"heb_name":"גבע בנימין","eng_name":"GEVA BINYAMIN"},{"_id":1344,"heb_name":"גבעות בר","eng_name":"GEVA'OT BAR"},{"_id":342,"heb_name":"גברעם","eng_name":"GEVAR'AM"},{"_id":133,"heb_name":"גבת","eng_name":"GEVAT"},{"_id":424,"heb_name":"גבים","eng_name":"GEVIM"},{"_id":352,"heb_name":"גבולות","eng_name":"GEVULOT"},{"_id":370,"heb_name":"גזר","eng_name":"GEZER"},{"_id":4501,"heb_name":"ע'ג'ר","eng_name":"GHAJAR"},{"_id":196,"heb_name":"גיבתון","eng_name":"GIBBETON"},{"_id":442,"heb_name":"גדעונה","eng_name":"GID'ONA"},{"_id":736,"heb_name":"גילת","eng_name":"GILAT"},{"_id":3606,"heb_name":"גלגל","eng_name":"GILGAL"},{"_id":1204,"heb_name":"גילון","eng_name":"GILON"},{"_id":745,"heb_name":"גמזו","eng_name":"GIMZO"},{"_id":863,"heb_name":"גינתון","eng_name":"GINNATON"},{"_id":92,"heb_name":"גיניגר","eng_name":"GINNEGAR"},{"_id":262,"heb_name":"גינוסר","eng_name":"GINNOSAR"},{"_id":1206,"heb_name":"גיתה","eng_name":"GITTA"},{"_id":3613,"heb_name":"גיתית","eng_name":"GITTIT"},{"_id":1293,"heb_name":"גבעת אבני","eng_name":"GIV'AT AVNI"},{"_id":147,"heb_name":"גבעת ברנר","eng_name":"GIV'AT BRENNER"},{"_id":1288,"heb_name":"גבעת אלה","eng_name":"GIV'AT ELA"},{"_id":870,"heb_name":"גבעת השלושה","eng_name":"GIV'AT HASHELOSHA"},{"_id":2018,"heb_name":"גבעת חיים )איחוד(","eng_name":"GIV'AT HAYYIM (IHUD)"},{"_id":173,"heb_name":"גבעת חיים )מאוחד(","eng_name":"GIV'AT HAYYIM(ME'UHA"},{"_id":207,"heb_name":"גבעת ח\"ן","eng_name":"GIV'AT HEN"},{"_id":802,"heb_name":"גבעת כ\"ח","eng_name":"GIV'AT KOAH"},{"_id":360,"heb_name":"גבעת ניל\"י","eng_name":"GIV'AT NILI"},{"_id":703,"heb_name":"גבעת עוז","eng_name":"GIV'AT OZ"},{"_id":1077,"heb_name":"גבעת שפירא","eng_name":"GIV'AT SHAPPIRA"},{"_id":566,"heb_name":"גבעת שמש","eng_name":"GIV'AT SHEMESH"},{"_id":681,"heb_name":"גבעת שמואל","eng_name":"GIV'AT SHEMU'EL"},{"_id":787,"heb_name":"גבעת יערים","eng_name":"GIV'AT YE'ARIM"},{"_id":919,"heb_name":"גבעת ישעיהו","eng_name":"GIV'AT YESHA'YAHU"},{"_id":4021,"heb_name":"גבעת יואב","eng_name":"GIV'AT YO'AV"},{"_id":3730,"heb_name":"גבעת זאב","eng_name":"GIV'AT ZE'EV"},{"_id":6300,"heb_name":"גבעתיים","eng_name":"GIV'ATAYIM"},{"_id":793,"heb_name":"גבעתי","eng_name":"GIV'ATI"},{"_id":2014,"heb_name":"גבעולים","eng_name":"GIV'OLIM"},{"_id":3644,"heb_name":"גבעון החדשה","eng_name":"GIV'ON HAHADASHA"},{"_id":1043,"heb_name":"גיזו","eng_name":"GIZO"},{"_id":852,"heb_name":"גונן","eng_name":"GONEN"},{"_id":755,"heb_name":"גורן","eng_name":"GOREN"},{"_id":1219,"heb_name":"גורנות הגליל","eng_name":"GORNOT HAGALIL"},{"_id":675,"heb_name":"הבונים","eng_name":"HABONIM"},{"_id":191,"heb_name":"הדר עם","eng_name":"HADAR AM"},{"_id":6500,"heb_name":"חדרה","eng_name":"HADERA"},{"_id":618,"heb_name":"חדיד","eng_name":"HADID"},{"_id":4026,"heb_name":"חד-נס","eng_name":"HAD-NES"},{"_id":363,"heb_name":"חפץ חיים","eng_name":"HAFEZ HAYYIM"},{"_id":3764,"heb_name":"חגי","eng_name":"HAGGAI"},{"_id":717,"heb_name":"חגור","eng_name":"HAGOR"},{"_id":356,"heb_name":"הגושרים","eng_name":"HAGOSHERIM"},{"_id":434,"heb_name":"החותרים","eng_name":"HAHOTERIM"},{"_id":4000,"heb_name":"חיפה","eng_name":"HAIFA"},{"_id":3573,"heb_name":"חלמיש","eng_name":"HALLAMISH"},{"_id":1272,"heb_name":"חלוץ","eng_name":"HALUZ"},{"_id":343,"heb_name":"חמדיה","eng_name":"HAMADYA"},{"_id":993,"heb_name":"חמאם","eng_name":"HAMAM"},{"_id":377,"heb_name":"המעפיל","eng_name":"HAMA'PIL"},{"_id":3609,"heb_name":"חמרה","eng_name":"HAMRA"},{"_id":280,"heb_name":"חניתה","eng_name":"HANITA"},{"_id":1257,"heb_name":"חנתון","eng_name":"HANNATON"},{"_id":807,"heb_name":"חניאל","eng_name":"HANNI'EL"},{"_id":423,"heb_name":"העוגן","eng_name":"HAOGEN"},{"_id":702,"heb_name":"האון","eng_name":"HAON"},{"_id":3769,"heb_name":"הר אדר","eng_name":"HAR ADAR"},{"_id":1261,"heb_name":"הר עמשא","eng_name":"HAR AMASA"},{"_id":3603,"heb_name":"הר גילה","eng_name":"HAR GILLO"},{"_id":1203,"heb_name":"הררית","eng_name":"HARARIT"},{"_id":1209,"heb_name":"חרשים","eng_name":"HARASHIM"},{"_id":1249,"heb_name":"הרדוף","eng_name":"HARDUF"},{"_id":464,"heb_name":"הראל","eng_name":"HAR'EL"},{"_id":1247,"heb_name":"חריש","eng_name":"HARISH"},{"_id":1024,"heb_name":"חרוצים","eng_name":"HARUZIM"},{"_id":3770,"heb_name":"חשמונאים","eng_name":"HASHMONA'IM"},{"_id":677,"heb_name":"הסוללים","eng_name":"HASOLELIM"},{"_id":4005,"heb_name":"חספין","eng_name":"HASPIN"},{"_id":235,"heb_name":"חבצלת השרון","eng_name":"HAVAZZELET HASHARON"},{"_id":1169,"heb_name":"הוואשלה )שבט(","eng_name":"HAWASHLA"},{"_id":684,"heb_name":"היוגב","eng_name":"HAYOGEV"},{"_id":1409,"heb_name":"חצר בארותיים","eng_name":"HAZAR BE'EROTAYIM"},{"_id":700,"heb_name":"חצב","eng_name":"HAZAV"},{"_id":397,"heb_name":"חצרים","eng_name":"HAZERIM"},{"_id":13,"heb_name":"חצבה","eng_name":"HAZEVA"},{"_id":1047,"heb_name":"חזון","eng_name":"HAZON"},{"_id":2034,"heb_name":"חצור הגלילית","eng_name":"HAZOR HAGELILIT"},{"_id":406,"heb_name":"חצור-אשדוד","eng_name":"HAZOR-ASHDOD"},{"_id":250,"heb_name":"הזורע","eng_name":"HAZOREA"},{"_id":307,"heb_name":"הזורעים","eng_name":"HAZORE'IM"},{"_id":1402,"heb_name":"חצרות חולדה","eng_name":"HAZROT HULDA"},{"_id":1405,"heb_name":"חצרות כ\"ח","eng_name":"HAZROT KOAH"},{"_id":1404,"heb_name":"חצרות יסף","eng_name":"HAZROT YASAF"},{"_id":90,"heb_name":"חפצי-בה","eng_name":"HEFZI-BAH"},{"_id":820,"heb_name":"חלץ","eng_name":"HELEZ"},{"_id":801,"heb_name":"חמד","eng_name":"HEMED"},{"_id":422,"heb_name":"חרב לאת","eng_name":"HEREV LE'ET"},{"_id":3717,"heb_name":"חרמש","eng_name":"HERMESH"},{"_id":162,"heb_name":"חירות","eng_name":"HERUT"},{"_id":6400,"heb_name":"הרצליה","eng_name":"HERZELIYYA"},{"_id":1110,"heb_name":"חבר","eng_name":"HEVER"},{"_id":219,"heb_name":"חיבת ציון","eng_name":"HIBBAT ZIYYON"},{"_id":1208,"heb_name":"הילה","eng_name":"HILLA"},{"_id":3643,"heb_name":"חיננית","eng_name":"HINNANIT"},{"_id":9700,"heb_name":"הוד השרון","eng_name":"HOD HASHARON"},{"_id":1322,"heb_name":"הודיות","eng_name":"HODAYOT"},{"_id":726,"heb_name":"הודיה","eng_name":"HODIYYA"},{"_id":115,"heb_name":"חופית","eng_name":"HOFIT"},{"_id":205,"heb_name":"חגלה","eng_name":"HOGLA"},{"_id":1239,"heb_name":"חולית","eng_name":"HOLIT"},{"_id":6600,"heb_name":"חולון","eng_name":"HOLON"},{"_id":355,"heb_name":"חורשים","eng_name":"HORESHIM"},{"_id":662,"heb_name":"חוסן","eng_name":"HOSEN"},{"_id":1186,"heb_name":"הושעיה","eng_name":"HOSHA'AYA"},{"_id":948,"heb_name":"חוג'ייראת )ד'הרה(","eng_name":"HUJEIRAT (DAHRA)"},{"_id":253,"heb_name":"חולתה","eng_name":"HULATA"},{"_id":160,"heb_name":"חולדה","eng_name":"HULDA"},{"_id":374,"heb_name":"חוקוק","eng_name":"HUQOQ"},{"_id":1303,"heb_name":"חורה","eng_name":"HURA"},{"_id":496,"heb_name":"חורפיש","eng_name":"HURFEISH"},{"_id":1332,"heb_name":"חוסנייה","eng_name":"HUSSNIYYA"},{"_id":956,"heb_name":"הוזייל )שבט(","eng_name":"HUZAYYEL"},{"_id":338,"heb_name":"איבים","eng_name":"IBBIM"},{"_id":529,"heb_name":"אעבלין","eng_name":"I'BILLIN"},{"_id":652,"heb_name":"אבטין","eng_name":"IBTIN"},{"_id":1175,"heb_name":"עידן","eng_name":"IDDAN"},{"_id":478,"heb_name":"אכסאל","eng_name":"IKSAL"},{"_id":49,"heb_name":"אילניה","eng_name":"ILANIYYA"},{"_id":511,"heb_name":"עילוט","eng_name":"ILUT"},{"_id":3660,"heb_name":"עמנואל","eng_name":"IMMANU'EL"},{"_id":1187,"heb_name":"עיר אובות","eng_name":"IR OVOT"},{"_id":1336,"heb_name":"אירוס","eng_name":"IRUS"},{"_id":534,"heb_name":"עספיא","eng_name":"ISIFYA"},{"_id":3762,"heb_name":"איתמר","eng_name":"ITAMAR"},{"_id":628,"heb_name":"ג'ת","eng_name":"JAAT"},{"_id":627,"heb_name":"ג'לג'וליה","eng_name":"JALJULYE"},{"_id":3000,"heb_name":"ירושלים","eng_name":"JERUSALEM"},{"_id":487,"heb_name":"ג'ש )גוש חלב(","eng_name":"JISH(GUSH HALAV)"},{"_id":541,"heb_name":"ג'סר א-זרקא","eng_name":"JISR AZ-ZARQA"},{"_id":1292,"heb_name":"ג'דיידה-מכר","eng_name":"JUDEIDE-MAKER"},{"_id":485,"heb_name":"ג'ולס","eng_name":"JULIS"},{"_id":976,"heb_name":"ג'נאביב )שבט(","eng_name":"JUNNABIB"},{"_id":978,"heb_name":"כעביה-טבאש-חג'אג'רה","eng_name":"KA'ABIYYE-TABBASH-HA"},{"_id":576,"heb_name":"כברי","eng_name":"KABRI"},{"_id":504,"heb_name":"כאבול","eng_name":"KABUL"},{"_id":1338,"heb_name":"כדיתה","eng_name":"KADDITA"},{"_id":371,"heb_name":"כדורי","eng_name":"KADOORIE"},{"_id":633,"heb_name":"כפר ברא","eng_name":"KAFAR BARA"},{"_id":508,"heb_name":"כפר כמא","eng_name":"KAFAR KAMA"},{"_id":509,"heb_name":"כפר כנא","eng_name":"KAFAR KANNA"},{"_id":510,"heb_name":"כפר מנדא","eng_name":"KAFAR MANDA"},{"_id":512,"heb_name":"כפר מצר","eng_name":"KAFAR MISR"},{"_id":654,"heb_name":"כפר קרע","eng_name":"KAFAR QARA"},{"_id":634,"heb_name":"כפר קאסם","eng_name":"KAFAR QASEM"},{"_id":507,"heb_name":"כפר יאסיף","eng_name":"KAFAR YASIF"},{"_id":1210,"heb_name":"כחל","eng_name":"KAHAL"},{"_id":1229,"heb_name":"כלנית","eng_name":"KALLANIT"},{"_id":1201,"heb_name":"כמון","eng_name":"KAMMON"},{"_id":4028,"heb_name":"כנף","eng_name":"KANAF"},{"_id":2006,"heb_name":"כנות","eng_name":"KANNOT"},{"_id":505,"heb_name":"כאוכב אבו אל-היג'א","eng_name":"KAOKAB ABU AL-HIJA"},{"_id":38,"heb_name":"כרי דשא","eng_name":"KARE DESHE"},{"_id":1285,"heb_name":"כרכום","eng_name":"KARKOM"},{"_id":1374,"heb_name":"כרמי קטיף","eng_name":"KARME QATIF"},{"_id":1264,"heb_name":"כרמי יוסף","eng_name":"KARME YOSEF"},{"_id":3766,"heb_name":"כרמי צור","eng_name":"KARME ZUR"},{"_id":3656,"heb_name":"כרמל","eng_name":"KARMEL"},{"_id":1139,"heb_name":"כרמיאל","eng_name":"KARMI'EL"},{"_id":768,"heb_name":"כרמיה","eng_name":"KARMIYYA"},{"_id":3638,"heb_name":"כפר אדומים","eng_name":"KEFAR ADUMMIM"},{"_id":690,"heb_name":"כפר אחים","eng_name":"KEFAR AHIM"},{"_id":857,"heb_name":"כפר אביב","eng_name":"KEFAR AVIV"},{"_id":875,"heb_name":"כפר עבודה","eng_name":"KEFAR AVODA"},{"_id":845,"heb_name":"כפר עזה","eng_name":"KEFAR AZZA"},{"_id":132,"heb_name":"כפר ברוך","eng_name":"KEFAR BARUKH"},{"_id":220,"heb_name":"כפר ביאליק","eng_name":"KEFAR BIALIK"},{"_id":177,"heb_name":"כפר ביל\"ו","eng_name":"KEFAR BILU"},{"_id":2010,"heb_name":"כפר בן נון","eng_name":"KEFAR BIN NUN"},{"_id":357,"heb_name":"כפר בלום","eng_name":"KEFAR BLUM"},{"_id":707,"heb_name":"כפר דניאל","eng_name":"KEFAR DANIYYEL"},{"_id":3488,"heb_name":"כפר עציון","eng_name":"KEFAR EZYON"},{"_id":427,"heb_name":"כפר גלים","eng_name":"KEFAR GALLIM"},{"_id":106,"heb_name":"כפר גדעון","eng_name":"KEFAR GID'ON"},{"_id":76,"heb_name":"כפר גלעדי","eng_name":"KEFAR GIL'ADI"},{"_id":310,"heb_name":"כפר גליקסון","eng_name":"KEFAR GLIKSON"},{"_id":696,"heb_name":"כפר חב\"ד","eng_name":"KEFAR HABAD"},{"_id":192,"heb_name":"כפר החורש","eng_name":"KEFAR HAHORESH"},{"_id":254,"heb_name":"כפר המכבי","eng_name":"KEFAR HAMAKKABI"},{"_id":582,"heb_name":"כפר הנגיד","eng_name":"KEFAR HANAGID"},{"_id":1297,"heb_name":"כפר חנניה","eng_name":"KEFAR HANANYA"},{"_id":443,"heb_name":"כפר הנשיא","eng_name":"KEFAR HANASI"},{"_id":890,"heb_name":"כפר הנוער הדתי","eng_name":"KEFAR HANO'AR HADATI"},{"_id":3796,"heb_name":"כפר האורנים","eng_name":"KEFAR HAORANIM"},{"_id":888,"heb_name":"כפר הרי\"ף","eng_name":"KEFAR HARIF"},{"_id":217,"heb_name":"כפר הרא\"ה","eng_name":"KEFAR HARO'E"},{"_id":4004,"heb_name":"כפר חרוב","eng_name":"KEFAR HARUV"},{"_id":112,"heb_name":"כפר חסידים א'","eng_name":"KEFAR HASIDIM ALEF"},{"_id":889,"heb_name":"כפר חסידים ב'","eng_name":"KEFAR HASIDIM BET"},{"_id":193,"heb_name":"כפר חיים","eng_name":"KEFAR HAYYIM"},{"_id":187,"heb_name":"כפר הס","eng_name":"KEFAR HESS"},{"_id":255,"heb_name":"כפר חיטים","eng_name":"KEFAR HITTIM"},{"_id":609,"heb_name":"כפר חושן","eng_name":"KEFAR HOSHEN"},{"_id":388,"heb_name":"כפר קיש","eng_name":"KEFAR KISH"},{"_id":98,"heb_name":"כפר מל\"ל","eng_name":"KEFAR MALAL"},{"_id":297,"heb_name":"כפר מסריק","eng_name":"KEFAR MASARYK"},{"_id":1095,"heb_name":"כפר מימון","eng_name":"KEFAR MAYMON"},{"_id":274,"heb_name":"כפר מנחם","eng_name":"KEFAR MENAHEM"},{"_id":387,"heb_name":"כפר מונש","eng_name":"KEFAR MONASH"},{"_id":764,"heb_name":"כפר מרדכי","eng_name":"KEFAR MORDEKHAY"},{"_id":316,"heb_name":"כפר נטר","eng_name":"KEFAR NETTER"},{"_id":189,"heb_name":"כפר פינס","eng_name":"KEFAR PINES"},{"_id":579,"heb_name":"כפר ראש הנקרה","eng_name":"KEFAR ROSH HANIQRA"},{"_id":1130,"heb_name":"כפר רוזנואלד )זרעית(","eng_name":"KEFAR ROZENWALD(ZAR."},{"_id":295,"heb_name":"כפר רופין","eng_name":"KEFAR RUPPIN"},{"_id":1166,"heb_name":"כפר רות","eng_name":"KEFAR RUT"},{"_id":6900,"heb_name":"כפר סבא","eng_name":"KEFAR SAVA"},{"_id":605,"heb_name":"כפר שמאי","eng_name":"KEFAR SHAMMAY"},{"_id":267,"heb_name":"כפר שמריהו","eng_name":"KEFAR SHEMARYAHU"},{"_id":743,"heb_name":"כפר שמואל","eng_name":"KEFAR SHEMU'EL"},{"_id":107,"heb_name":"כפר סילבר","eng_name":"KEFAR SILVER"},{"_id":249,"heb_name":"כפר סירקין","eng_name":"KEFAR SIRKIN"},{"_id":345,"heb_name":"כפר סאלד","eng_name":"KEFAR SZOLD"},{"_id":3572,"heb_name":"כפר תפוח","eng_name":"KEFAR TAPPUAH"},{"_id":47,"heb_name":"כפר תבור","eng_name":"KEFAR TAVOR"},{"_id":673,"heb_name":"כפר טרומן","eng_name":"KEFAR TRUMAN"},{"_id":364,"heb_name":"כפר אוריה","eng_name":"KEFAR URIYYA"},{"_id":190,"heb_name":"כפר ויתקין","eng_name":"KEFAR VITKIN"},{"_id":320,"heb_name":"כפר ורבורג","eng_name":"KEFAR WARBURG"},{"_id":1263,"heb_name":"כפר ורדים","eng_name":"KEFAR WERADIM"},{"_id":170,"heb_name":"כפר יעבץ","eng_name":"KEFAR YA'BEZ"},{"_id":85,"heb_name":"כפר יחזקאל","eng_name":"KEFAR YEHEZQEL"},{"_id":140,"heb_name":"כפר יהושע","eng_name":"KEFAR YEHOSHUA"},{"_id":168,"heb_name":"כפר יונה","eng_name":"KEFAR YONA"},{"_id":786,"heb_name":"כפר זיתים","eng_name":"KEFAR ZETIM"},{"_id":1325,"heb_name":"כפר זוהרים","eng_name":"KEFAR ZOHARIM"},{"_id":1183,"heb_name":"כליל","eng_name":"KELIL"},{"_id":1291,"heb_name":"כמהין","eng_name":"KEMEHIN"},{"_id":1198,"heb_name":"כרמים","eng_name":"KERAMIM"},{"_id":88,"heb_name":"כרם בן שמן","eng_name":"KEREM BEN SHEMEN"},{"_id":664,"heb_name":"כרם בן זמרה","eng_name":"KEREM BEN ZIMRA"},{"_id":580,"heb_name":"כרם מהר\"ל","eng_name":"KEREM MAHARAL"},{"_id":1085,"heb_name":"כרם שלום","eng_name":"KEREM SHALOM"},{"_id":1094,"heb_name":"כרם יבנה )ישיבה(","eng_name":"KEREM YAVNE(YESHIVA)"},{"_id":859,"heb_name":"כסלון","eng_name":"KESALON"},{"_id":1321,"heb_name":"ח'ואלד","eng_name":"KHAWALED"},{"_id":986,"heb_name":"ח'ואלד )שבט(","eng_name":"KHAWALED"},{"_id":63,"heb_name":"כנרת )מושבה(","eng_name":"KINNERET(MOSHAVA)"},{"_id":57,"heb_name":"כנרת )קבוצה(","eng_name":"KINNERET(QEVUZA)"},{"_id":1153,"heb_name":"כישור","eng_name":"KISHOR"},{"_id":1296,"heb_name":"כסרא-סמיע","eng_name":"KISRA-SUMEI"},{"_id":840,"heb_name":"כיסופים","eng_name":"KISSUFIM"},{"_id":1367,"heb_name":"כחלה","eng_name":"KOCHLEA"},{"_id":3564,"heb_name":"כוכב השחר","eng_name":"KOKHAV HASHAHAR"},{"_id":824,"heb_name":"כוכב מיכאל","eng_name":"KOKHAV MIKHA'EL"},{"_id":3779,"heb_name":"כוכב יעקב","eng_name":"KOKHAV YA'AQOV"},{"_id":1224,"heb_name":"כוכב יאיר","eng_name":"KOKHAV YA'IR"},{"_id":1252,"heb_name":"כורזים","eng_name":"KORAZIM"},{"_id":1059,"heb_name":"כסיפה","eng_name":"KUSEIFE"},{"_id":2023,"heb_name":"להב","eng_name":"LAHAV"},{"_id":380,"heb_name":"להבות הבשן","eng_name":"LAHAVOT HABASHAN"},{"_id":715,"heb_name":"להבות חביבה","eng_name":"LAHAVOT HAVIVA"},{"_id":24,"heb_name":"לכיש","eng_name":"LAKHISH"},{"_id":1310,"heb_name":"לפיד","eng_name":"LAPPID"},{"_id":1173,"heb_name":"לפידות","eng_name":"LAPPIDOT"},{"_id":1060,"heb_name":"לקיה","eng_name":"LAQYE"},{"_id":585,"heb_name":"לביא","eng_name":"LAVI"},{"_id":1207,"heb_name":"לבון","eng_name":"LAVON"},{"_id":1271,"heb_name":"להבים","eng_name":"LEHAVIM"},{"_id":674,"heb_name":"לימן","eng_name":"LIMAN"},{"_id":1114,"heb_name":"שריגים )לי-און(","eng_name":"LI-ON"},{"_id":1230,"heb_name":"לבנים","eng_name":"LIVNIM"},{"_id":7000,"heb_name":"לוד","eng_name":"LOD"},{"_id":595,"heb_name":"לוחמי הגיטאות","eng_name":"LOHAME HAGETA'OT"},{"_id":1255,"heb_name":"לוטן","eng_name":"LOTAN"},{"_id":1171,"heb_name":"לוטם","eng_name":"LOTEM"},{"_id":52,"heb_name":"לוזית","eng_name":"LUZIT"},{"_id":678,"heb_name":"מעגן","eng_name":"MA'AGAN"},{"_id":694,"heb_name":"מעגן מיכאל","eng_name":"MA'AGAN MIKHA'EL"},{"_id":3616,"heb_name":"מעלה אדומים","eng_name":"MA'ALE ADUMMIM"},{"_id":3653,"heb_name":"מעלה עמוס","eng_name":"MA'ALE AMOS"},{"_id":3608,"heb_name":"מעלה אפרים","eng_name":"MA'ALE EFRAYIM"},{"_id":4008,"heb_name":"מעלה גמלא","eng_name":"MA'ALE GAMLA"},{"_id":1127,"heb_name":"מעלה גלבוע","eng_name":"MA'ALE GILBOA"},{"_id":286,"heb_name":"מעלה החמישה","eng_name":"MA'ALE HAHAMISHA"},{"_id":1327,"heb_name":"מעלה עירון","eng_name":"MA'ALE IRON"},{"_id":3752,"heb_name":"מעלה לבונה","eng_name":"MA'ALE LEVONA"},{"_id":3651,"heb_name":"מעלה מכמש","eng_name":"MA'ALE MIKHMAS"},{"_id":3637,"heb_name":"מעלה שומרון","eng_name":"MA'ALE SHOMERON"},{"_id":1063,"heb_name":"מעלות-תרשיחא","eng_name":"MA'ALOT-TARSHIHA"},{"_id":344,"heb_name":"מענית","eng_name":"MA'ANIT"},{"_id":230,"heb_name":"מעש","eng_name":"MA'AS"},{"_id":197,"heb_name":"מעברות","eng_name":"MA'BAROT"},{"_id":1080,"heb_name":"מבועים","eng_name":"MABBU'IM"},{"_id":1082,"heb_name":"מעגלים","eng_name":"MA'GALIM"},{"_id":695,"heb_name":"מגן","eng_name":"MAGEN"},{"_id":1155,"heb_name":"מגן שאול","eng_name":"MAGEN SHA'UL"},{"_id":375,"heb_name":"מגל","eng_name":"MAGGAL"},{"_id":722,"heb_name":"מגשימים","eng_name":"MAGSHIMIM"},{"_id":308,"heb_name":"מחניים","eng_name":"MAHANAYIM"},{"_id":1262,"heb_name":"צוקים","eng_name":"MAHANE BILDAD"},{"_id":1411,"heb_name":"מחנה הילה","eng_name":"MAHANE HILLA"},{"_id":1414,"heb_name":"מחנה מרים","eng_name":"MAHANE MIRYAM"},{"_id":1418,"heb_name":"מחנה טלי","eng_name":"MAHANE TALI"},{"_id":1412,"heb_name":"מחנה תל נוף","eng_name":"MAHANE TEL NOF"},{"_id":1415,"heb_name":"מחנה יפה","eng_name":"MAHANE YAFA"},{"_id":1196,"heb_name":"מחנה יתיר","eng_name":"MAHANE YATTIR"},{"_id":1413,"heb_name":"מחנה יהודית","eng_name":"MAHANE YEHUDIT"},{"_id":1416,"heb_name":"מחנה יוכבד","eng_name":"MAHANE YOKHVED"},{"_id":776,"heb_name":"מחסיה","eng_name":"MAHSEYA"},{"_id":516,"heb_name":"מג'ד אל-כרום","eng_name":"MAJD AL-KURUM"},{"_id":4201,"heb_name":"מג'דל שמס","eng_name":"MAJDAL SHAMS"},{"_id":1343,"heb_name":"מכחול","eng_name":"MAKCHUL"},{"_id":1154,"heb_name":"מלכישוע","eng_name":"MALKISHUA"},{"_id":596,"heb_name":"מלכיה","eng_name":"MALKIYYA"},{"_id":1174,"heb_name":"מנוף","eng_name":"MANOF"},{"_id":1205,"heb_name":"מנות","eng_name":"MANOT"},{"_id":994,"heb_name":"מנשית זבדה","eng_name":"MANSHIYYET ZABDA"},{"_id":3657,"heb_name":"מעון","eng_name":"MA'ON"},{"_id":2055,"heb_name":"מאור","eng_name":"MA'OR"},{"_id":272,"heb_name":"מעוז חיים","eng_name":"MA'OZ HAYYIM"},{"_id":843,"heb_name":"מרגליות","eng_name":"MARGALIYYOT"},{"_id":4203,"heb_name":"מסעדה","eng_name":"MAS'ADE"},{"_id":421,"heb_name":"משאבי שדה","eng_name":"MASH'ABBE SADE"},{"_id":791,"heb_name":"משען","eng_name":"MASH'EN"},{"_id":3785,"heb_name":"משכיות","eng_name":"MASKIYYOT"},{"_id":748,"heb_name":"מסלול","eng_name":"MASLUL"},{"_id":1258,"heb_name":"מסד","eng_name":"MASSAD"},{"_id":263,"heb_name":"מסדה","eng_name":"MASSADA"},{"_id":3605,"heb_name":"משואה","eng_name":"MASSU'A"},{"_id":620,"heb_name":"משואות יצחק","eng_name":"MASSUOT YIZHAQ"},{"_id":939,"heb_name":"מסעודין אל-עזאזמה","eng_name":"MAS'UDIN AL-'AZAZME"},{"_id":822,"heb_name":"מטע","eng_name":"MATTA"},{"_id":1315,"heb_name":"מתן","eng_name":"MATTAN"},{"_id":1184,"heb_name":"מתת","eng_name":"MATTAT"},{"_id":3648,"heb_name":"מתתיהו","eng_name":"MATTITYAHU"},{"_id":573,"heb_name":"מבקיעים","eng_name":"MAVQI'IM"},{"_id":416,"heb_name":"מעין ברוך","eng_name":"MA'YAN BARUKH"},{"_id":290,"heb_name":"מעין צבי","eng_name":"MA'YAN ZEVI"},{"_id":28,"heb_name":"מזכרת בתיה","eng_name":"MAZKERET BATYA"},{"_id":757,"heb_name":"מצליח","eng_name":"MAZLIAH"},{"_id":606,"heb_name":"מזור","eng_name":"MAZOR"},{"_id":517,"heb_name":"מזרעה","eng_name":"MAZRA'A"},{"_id":325,"heb_name":"מצובה","eng_name":"MAZZUVA"},{"_id":1128,"heb_name":"מי עמי","eng_name":"ME AMMI"},{"_id":668,"heb_name":"מפלסים","eng_name":"MEFALLESIM"},{"_id":689,"heb_name":"מגדים","eng_name":"MEGADIM"},{"_id":586,"heb_name":"מגידו","eng_name":"MEGIDDO"},{"_id":3599,"heb_name":"מחולה","eng_name":"MEHOLA"},{"_id":102,"heb_name":"מאיר שפיה","eng_name":"ME'IR SHEFEYA"},{"_id":649,"heb_name":"מייסר","eng_name":"MEISER"},{"_id":3614,"heb_name":"מכורה","eng_name":"MEKHORA"},{"_id":164,"heb_name":"מלאה","eng_name":"MELE'A"},{"_id":2044,"heb_name":"מלילות","eng_name":"MELILOT"},{"_id":48,"heb_name":"מנחמיה","eng_name":"MENAHEMYA"},{"_id":347,"heb_name":"מנרה","eng_name":"MENNARA"},{"_id":2030,"heb_name":"מנוחה","eng_name":"MENUHA"},{"_id":570,"heb_name":"מעונה","eng_name":"ME'ONA"},{"_id":1282,"heb_name":"מירב","eng_name":"MERAV"},{"_id":1340,"heb_name":"מרחב עם","eng_name":"MERHAV AM"},{"_id":97,"heb_name":"מרחביה )מושב(","eng_name":"MERHAVYA(MOSHAV)"},{"_id":66,"heb_name":"מרחביה )קיבוץ(","eng_name":"MERHAVYA(QIBBUZ)"},{"_id":1098,"heb_name":"מרכז שפירא","eng_name":"MERKAZ SHAPPIRA"},{"_id":4101,"heb_name":"מרום גולן","eng_name":"MEROM GOLAN"},{"_id":607,"heb_name":"מירון","eng_name":"MERON"},{"_id":731,"heb_name":"מישר","eng_name":"MESHAR"},{"_id":520,"heb_name":"משהד","eng_name":"MESHHED"},{"_id":742,"heb_name":"מסילת ציון","eng_name":"MESILLAT ZIYYON"},{"_id":298,"heb_name":"מסילות","eng_name":"MESILLOT"},{"_id":1268,"heb_name":"מיתר","eng_name":"METAR"},{"_id":2054,"heb_name":"מיטב","eng_name":"METAV"},{"_id":43,"heb_name":"מטולה","eng_name":"METULA"},{"_id":1015,"heb_name":"מבשרת ציון","eng_name":"MEVASSERET ZIYYON"},{"_id":771,"heb_name":"מבוא ביתר","eng_name":"MEVO BETAR"},{"_id":3569,"heb_name":"מבוא דותן","eng_name":"MEVO DOTAN"},{"_id":4204,"heb_name":"מבוא חמה","eng_name":"MEVO HAMMA"},{"_id":3709,"heb_name":"מבוא חורון","eng_name":"MEVO HORON"},{"_id":1141,"heb_name":"מבוא מודיעים","eng_name":"MEVO MODI'IM"},{"_id":1318,"heb_name":"מבואות ים","eng_name":"MEVO'OT YAM"},{"_id":3745,"heb_name":"מצדות יהודה","eng_name":"MEZADOT YEHUDA"},{"_id":4019,"heb_name":"מיצר","eng_name":"MEZAR"},{"_id":648,"heb_name":"מצר","eng_name":"MEZER"},{"_id":2029,"heb_name":"מדרך עוז","eng_name":"MIDRAKH OZ"},{"_id":1140,"heb_name":"מדרשת בן גוריון","eng_name":"MIDRESHET BEN GURION"},{"_id":897,"heb_name":"מדרשת רופין","eng_name":"MIDRESHET RUPPIN"},{"_id":518,"heb_name":"מעיליא","eng_name":"MI'ELYA"},{"_id":65,"heb_name":"מגדל","eng_name":"MIGDAL"},{"_id":874,"heb_name":"מגדל העמק","eng_name":"MIGDAL HAEMEQ"},{"_id":3561,"heb_name":"מגדל עוז","eng_name":"MIGDAL OZ"},{"_id":3751,"heb_name":"מגדלים","eng_name":"MIGDALIM"},{"_id":1202,"heb_name":"מכמנים","eng_name":"MIKHMANNIM"},{"_id":382,"heb_name":"מכמורת","eng_name":"MIKHMORET"},{"_id":22,"heb_name":"מקווה ישראל","eng_name":"MIQWE YISRA'EL"},{"_id":378,"heb_name":"משגב עם","eng_name":"MISGAV AM"},{"_id":765,"heb_name":"משגב דב","eng_name":"MISGAV DOV"},{"_id":670,"heb_name":"משמר איילון","eng_name":"MISHMAR AYYALON"},{"_id":563,"heb_name":"משמר דוד","eng_name":"MISHMAR DAWID"},{"_id":130,"heb_name":"משמר העמק","eng_name":"MISHMAR HAEMEQ"},{"_id":395,"heb_name":"משמר הנגב","eng_name":"MISHMAR HANEGEV"},{"_id":194,"heb_name":"משמר השרון","eng_name":"MISHMAR HASHARON"},{"_id":729,"heb_name":"משמר השבעה","eng_name":"MISHMAR HASHIV'A"},{"_id":732,"heb_name":"משמר הירדן","eng_name":"MISHMAR HAYARDEN"},{"_id":213,"heb_name":"משמרות","eng_name":"MISHMAROT"},{"_id":425,"heb_name":"משמרת","eng_name":"MISHMERET"},{"_id":1370,"heb_name":"מצפה אילן","eng_name":"MITSPE ILAN"},{"_id":829,"heb_name":"מבטחים","eng_name":"MIVTAHIM"},{"_id":58,"heb_name":"מצפה","eng_name":"MIZPA"},{"_id":1222,"heb_name":"מצפה אבי\"ב","eng_name":"MIZPE AVIV"},{"_id":1190,"heb_name":"מצפה נטופה","eng_name":"MIZPE NETOFA"},{"_id":99,"heb_name":"מצפה רמון","eng_name":"MIZPE RAMON"},{"_id":3610,"heb_name":"מצפה שלם","eng_name":"MIZPE SHALEM"},{"_id":3576,"heb_name":"מצפה יריחו","eng_name":"MIZPE YERIHO"},{"_id":104,"heb_name":"מזרע","eng_name":"MIZRA"},{"_id":3797,"heb_name":"מודיעין עילית","eng_name":"MODI'IN ILLIT"},{"_id":1200,"heb_name":"מודיעין-מכבים-רעות","eng_name":"MODI'IN-MAKKABBIM-RE"},{"_id":269,"heb_name":"מולדת","eng_name":"MOLEDET"},{"_id":1163,"heb_name":"מורן","eng_name":"MORAN"},{"_id":1178,"heb_name":"מורשת","eng_name":"MORESHET"},{"_id":208,"heb_name":"מוצא עילית","eng_name":"MOZA ILLIT"},{"_id":481,"heb_name":"מגאר","eng_name":"MUGHAR"},{"_id":635,"heb_name":"מוקייבלה","eng_name":"MUQEIBLE"},{"_id":3787,"heb_name":"נעלה","eng_name":"NA'ALE"},{"_id":3713,"heb_name":"נעמ\"ה","eng_name":"NAAMA"},{"_id":158,"heb_name":"נען","eng_name":"NA'AN"},{"_id":1276,"heb_name":"אשבל","eng_name":"NAHAL ESHBAL"},{"_id":3646,"heb_name":"חמדת","eng_name":"NAHAL HEMDAT"},{"_id":844,"heb_name":"נחל עוז","eng_name":"NAHAL OZ"},{"_id":1267,"heb_name":"שיטים","eng_name":"NAHAL SHITTIM"},{"_id":2045,"heb_name":"נחלה","eng_name":"NAHALA"},{"_id":80,"heb_name":"נהלל","eng_name":"NAHALAL"},{"_id":3767,"heb_name":"נחליאל","eng_name":"NAHALI'EL"},{"_id":809,"heb_name":"נחם","eng_name":"NAHAM"},{"_id":9100,"heb_name":"נהריה","eng_name":"NAHARIYYA"},{"_id":522,"heb_name":"נחף","eng_name":"NAHEF"},{"_id":433,"heb_name":"נחשולים","eng_name":"NAHSHOLIM"},{"_id":777,"heb_name":"נחשון","eng_name":"NAHSHON"},{"_id":705,"heb_name":"נחשונים","eng_name":"NAHSHONIM"},{"_id":1041,"heb_name":"נצאצרה )שבט(","eng_name":"NASASRA"},{"_id":1254,"heb_name":"נטף","eng_name":"NATAF"},{"_id":4014,"heb_name":"נטור","eng_name":"NATUR"},{"_id":524,"heb_name":"נאעורה","eng_name":"NA'URA"},{"_id":1366,"heb_name":"נווה","eng_name":"NAVE"},{"_id":7300,"heb_name":"נצרת","eng_name":"NAZARETH"},{"_id":1061,"heb_name":"נצרת עילית","eng_name":"NAZERAT ILLIT"},{"_id":315,"heb_name":"נגבה","eng_name":"NEGBA"},{"_id":3724,"heb_name":"נגוהות","eng_name":"NEGOHOT"},{"_id":449,"heb_name":"נחלים","eng_name":"NEHALIM"},{"_id":309,"heb_name":"נהורה","eng_name":"NEHORA"},{"_id":59,"heb_name":"נחושה","eng_name":"NEHUSHA"},{"_id":523,"heb_name":"ניין","eng_name":"NEIN"},{"_id":4551,"heb_name":"נאות גולן","eng_name":"NE'OT GOLAN"},{"_id":1124,"heb_name":"נאות הכיכר","eng_name":"NE'OT HAKIKKAR"},{"_id":408,"heb_name":"נאות מרדכי","eng_name":"NE'OT MORDEKHAY"},{"_id":1143,"heb_name":"נס עמים","eng_name":"NES AMMIM"},{"_id":825,"heb_name":"נס הרים","eng_name":"NES HARIM"},{"_id":7200,"heb_name":"נס ציונה","eng_name":"NES ZIYYONA"},{"_id":2500,"heb_name":"נשר","eng_name":"NESHER"},{"_id":1369,"heb_name":"נטע","eng_name":"NETA"},{"_id":174,"heb_name":"נטעים","eng_name":"NETA'IM"},{"_id":7400,"heb_name":"נתניה","eng_name":"NETANYA"},{"_id":1242,"heb_name":"נתיב העשרה","eng_name":"NETIV HAASARA"},{"_id":3555,"heb_name":"נתיב הגדוד","eng_name":"NETIV HAGEDUD"},{"_id":693,"heb_name":"נתיב הל\"ה","eng_name":"NETIV HALAMED-HE"},{"_id":792,"heb_name":"נתיב השיירה","eng_name":"NETIV HASHAYYARA"},{"_id":246,"heb_name":"נתיבות","eng_name":"NETIVOT"},{"_id":1147,"heb_name":"נטועה","eng_name":"NETU'A"},{"_id":186,"heb_name":"נעורים","eng_name":"NE'URIM"},{"_id":396,"heb_name":"נבטים","eng_name":"NEVATIM"},{"_id":4303,"heb_name":"נווה אטי\"ב","eng_name":"NEWE ATIV"},{"_id":926,"heb_name":"נווה אבות","eng_name":"NEWE AVOT"},{"_id":3725,"heb_name":"נווה דניאל","eng_name":"NEWE DANIYYEL"},{"_id":296,"heb_name":"נווה איתן","eng_name":"NEWE ETAN"},{"_id":1279,"heb_name":"נווה חריף","eng_name":"NEWE HARIF"},{"_id":405,"heb_name":"נווה אילן","eng_name":"NEWE ILAN"},{"_id":1071,"heb_name":"נווה מיכאל","eng_name":"NEWE MIKHA'EL"},{"_id":827,"heb_name":"נווה מבטח","eng_name":"NEWE MIVTAH"},{"_id":1259,"heb_name":"נווה שלום","eng_name":"NEWE SHALOM"},{"_id":590,"heb_name":"נווה אור","eng_name":"NEWE UR"},{"_id":312,"heb_name":"נווה ים","eng_name":"NEWE YAM"},{"_id":686,"heb_name":"נווה ימין","eng_name":"NEWE YAMIN"},{"_id":858,"heb_name":"נווה ירק","eng_name":"NEWE YARAQ"},{"_id":1314,"heb_name":"נווה זיו","eng_name":"NEWE ZIV"},{"_id":1057,"heb_name":"נווה זוהר","eng_name":"NEWE ZOHAR"},{"_id":1372,"heb_name":"נצר חזני","eng_name":"NEZER HAZZANI"},{"_id":435,"heb_name":"נצר סרני","eng_name":"NEZER SERENI"},{"_id":3655,"heb_name":"ניל\"י","eng_name":"NILI"},{"_id":4035,"heb_name":"נמרוד","eng_name":"NIMROD"},{"_id":348,"heb_name":"ניר עם","eng_name":"NIR AM"},{"_id":2048,"heb_name":"ניר עקיבא","eng_name":"NIR AQIVA"},{"_id":553,"heb_name":"ניר בנים","eng_name":"NIR BANIM"},{"_id":256,"heb_name":"ניר דוד )תל עמל(","eng_name":"NIR DAWID (TEL AMAL)"},{"_id":808,"heb_name":"ניר אליהו","eng_name":"NIR ELIYYAHU"},{"_id":769,"heb_name":"ניר עציון","eng_name":"NIR EZYON"},{"_id":720,"heb_name":"ניר גלים","eng_name":"NIR GALLIM"},{"_id":11,"heb_name":"ניר ח\"ן","eng_name":"NIR HEN"},{"_id":2047,"heb_name":"ניר משה","eng_name":"NIR MOSHE"},{"_id":69,"heb_name":"ניר עוז","eng_name":"NIR OZ"},{"_id":165,"heb_name":"ניר יפה","eng_name":"NIR YAFE"},{"_id":699,"heb_name":"ניר ישראל","eng_name":"NIR YISRA'EL"},{"_id":402,"heb_name":"ניר יצחק","eng_name":"NIR YIZHAQ"},{"_id":331,"heb_name":"ניר צבי","eng_name":"NIR ZEVI"},{"_id":3620,"heb_name":"נירן","eng_name":"NIRAN"},{"_id":602,"heb_name":"נירים","eng_name":"NIRIM"},{"_id":1236,"heb_name":"נירית","eng_name":"NIRIT"},{"_id":351,"heb_name":"ניצן","eng_name":"NIZZAN"},{"_id":1419,"heb_name":"ניצן ב'","eng_name":"NIZZAN B"},{"_id":1195,"heb_name":"ניצנה )קהילת חינוך(","eng_name":"NIZZANA (QEHILAT HIN"},{"_id":851,"heb_name":"ניצני עוז","eng_name":"NIZZANE OZ"},{"_id":1280,"heb_name":"ניצני סיני","eng_name":"NIZZANE SINAY"},{"_id":359,"heb_name":"ניצנים","eng_name":"NIZZANIM"},{"_id":15,"heb_name":"נועם","eng_name":"NO'AM"},{"_id":1333,"heb_name":"נוף איילון","eng_name":"NOF AYYALON"},{"_id":257,"heb_name":"נופך","eng_name":"NOFEKH"},{"_id":3790,"heb_name":"נופים","eng_name":"NOFIM"},{"_id":1284,"heb_name":"נופית","eng_name":"NOFIT"},{"_id":55,"heb_name":"נוגה","eng_name":"NOGAH"},{"_id":3726,"heb_name":"נוקדים","eng_name":"NOQEDIM"},{"_id":447,"heb_name":"נורדיה","eng_name":"NORDIYYA"},{"_id":4304,"heb_name":"נוב","eng_name":"NOV"},{"_id":833,"heb_name":"נורית","eng_name":"NURIT"},{"_id":4010,"heb_name":"אודם","eng_name":"ODEM"},{"_id":31,"heb_name":"אופקים","eng_name":"OFAQIM"},{"_id":810,"heb_name":"עופר","eng_name":"OFER"},{"_id":3617,"heb_name":"עופרה","eng_name":"OFRA"},{"_id":1046,"heb_name":"אוהד","eng_name":"OHAD"},{"_id":737,"heb_name":"עולש","eng_name":"OLESH"},{"_id":1108,"heb_name":"אומן","eng_name":"OMEN"},{"_id":666,"heb_name":"עומר","eng_name":"OMER"},{"_id":680,"heb_name":"אומץ","eng_name":"OMEZ"},{"_id":1020,"heb_name":"אור עקיבא","eng_name":"OR AQIVA"},{"_id":1294,"heb_name":"אור הגנוז","eng_name":"OR HAGANUZ"},{"_id":67,"heb_name":"אור הנר","eng_name":"OR HANER"},{"_id":2400,"heb_name":"אור יהודה","eng_name":"OR YEHUDA"},{"_id":780,"heb_name":"אורה","eng_name":"ORA"},{"_id":882,"heb_name":"אורנים","eng_name":"ORANIM"},{"_id":3760,"heb_name":"אורנית","eng_name":"ORANIT"},{"_id":2012,"heb_name":"אורות","eng_name":"OROT"},{"_id":4013,"heb_name":"אורטל","eng_name":"ORTAL"},{"_id":3748,"heb_name":"עתניאל","eng_name":"OTNI'EL"},{"_id":32,"heb_name":"עוצם","eng_name":"OZEM"},{"_id":2059,"heb_name":"פעמי תש\"ז","eng_name":"PA'AME TASHAZ"},{"_id":597,"heb_name":"פלמחים","eng_name":"PALMAHIM"},{"_id":1151,"heb_name":"פארן","eng_name":"PARAN"},{"_id":7800,"heb_name":"פרדס חנה-כרכור","eng_name":"PARDES HANNA-KARKUR"},{"_id":171,"heb_name":"פרדסיה","eng_name":"PARDESIYYA"},{"_id":599,"heb_name":"פרוד","eng_name":"PAROD"},{"_id":749,"heb_name":"פטיש","eng_name":"PATTISH"},{"_id":838,"heb_name":"פדיה","eng_name":"PEDAYA"},{"_id":3768,"heb_name":"פדואל","eng_name":"PEDU'EL"},{"_id":750,"heb_name":"פדויים","eng_name":"PEDUYIM"},{"_id":1185,"heb_name":"פלך","eng_name":"PELEKH"},{"_id":3723,"heb_name":"פני חבר","eng_name":"PENE HEVER"},{"_id":536,"heb_name":"פקיעין )בוקייעה(","eng_name":"PEQI'IN (BUQEI'A)"},{"_id":281,"heb_name":"פקיעין חדשה","eng_name":"PEQI'IN HADASHA"},{"_id":2053,"heb_name":"פרזון","eng_name":"PERAZON"},{"_id":1231,"heb_name":"פרי גן","eng_name":"PERI GAN"},{"_id":3659,"heb_name":"פסגות","eng_name":"PESAGOT"},{"_id":7900,"heb_name":"פתח תקווה","eng_name":"PETAH TIQWA"},{"_id":839,"heb_name":"פתחיה","eng_name":"PETAHYA"},{"_id":3615,"heb_name":"פצאל","eng_name":"PEZA'EL"},{"_id":767,"heb_name":"פורת","eng_name":"PORAT"},{"_id":1313,"heb_name":"פוריה עילית","eng_name":"PORIYYA ILLIT"},{"_id":1104,"heb_name":"פוריה - כפר עבודה","eng_name":"PORIYYA-KEFAR AVODA"},{"_id":1105,"heb_name":"פוריה - נווה עובד","eng_name":"PORIYYA-NEWE OVED"},{"_id":1234,"heb_name":"קבועה )שבט(","eng_name":"QABBO'A"},{"_id":1211,"heb_name":"קדרים","eng_name":"QADDARIM"},{"_id":195,"heb_name":"קדימה-צורן","eng_name":"QADIMA-ZORAN"},{"_id":638,"heb_name":"קלנסווה","eng_name":"QALANSAWE"},{"_id":3601,"heb_name":"קליה","eng_name":"QALYA"},{"_id":3640,"heb_name":"קרני שומרון","eng_name":"QARNE SHOMERON"},{"_id":972,"heb_name":"קוואעין )שבט(","eng_name":"QAWA'IN"},{"_id":1243,"heb_name":"קציר","eng_name":"QAZIR"},{"_id":4100,"heb_name":"קצרין","eng_name":"QAZRIN"},{"_id":3781,"heb_name":"קדר","eng_name":"QEDAR"},{"_id":392,"heb_name":"קדמה","eng_name":"QEDMA"},{"_id":3557,"heb_name":"קדומים","eng_name":"QEDUMIM"},{"_id":4024,"heb_name":"קלע","eng_name":"QELA"},{"_id":414,"heb_name":"קלחים","eng_name":"QELAHIM"},{"_id":1167,"heb_name":"קיסריה","eng_name":"QESARIYYA"},{"_id":4006,"heb_name":"קשת","eng_name":"QESHET"},{"_id":1052,"heb_name":"קטורה","eng_name":"QETURA"},{"_id":334,"heb_name":"קבוצת יבנה","eng_name":"QEVUZAT YAVNE"},{"_id":4025,"heb_name":"קדמת צבי","eng_name":"QIDMAT ZEVI"},{"_id":615,"heb_name":"קדרון","eng_name":"QIDRON"},{"_id":78,"heb_name":"קרית ענבים","eng_name":"QIRYAT ANAVIM"},{"_id":3611,"heb_name":"קרית ארבע","eng_name":"QIRYAT ARBA"},{"_id":6800,"heb_name":"קרית אתא","eng_name":"QIRYAT ATTA"},{"_id":9500,"heb_name":"קרית ביאליק","eng_name":"QIRYAT BIALIK"},{"_id":469,"heb_name":"קרית עקרון","eng_name":"QIRYAT EQRON"},{"_id":2630,"heb_name":"קרית גת","eng_name":"QIRYAT GAT"},{"_id":1034,"heb_name":"קרית מלאכי","eng_name":"QIRYAT MAL'AKHI"},{"_id":8200,"heb_name":"קרית מוצקין","eng_name":"QIRYAT MOTZKIN"},{"_id":3746,"heb_name":"קרית נטפים","eng_name":"QIRYAT NETAFIM"},{"_id":2620,"heb_name":"קרית אונו","eng_name":"QIRYAT ONO"},{"_id":412,"heb_name":"קרית שלמה","eng_name":"QIRYAT SHELOMO"},{"_id":2800,"heb_name":"קרית שמונה","eng_name":"QIRYAT SHEMONA"},{"_id":2300,"heb_name":"קרית טבעון","eng_name":"QIRYAT TIV'ON"},{"_id":9600,"heb_name":"קרית ים","eng_name":"QIRYAT YAM"},{"_id":1137,"heb_name":"קרית יערים","eng_name":"QIRYAT YE'ARIM"},{"_id":2039,"heb_name":"קרית יערים)מוסד(","eng_name":"QIRYAT YE'ARIM(INSTI"},{"_id":766,"heb_name":"קוממיות","eng_name":"QOMEMIYYUT"},{"_id":1179,"heb_name":"קורנית","eng_name":"QORANIT"},{"_id":964,"heb_name":"קודייראת א-צאנע)שבט(","eng_name":"QUDEIRAT AS-SANI"},{"_id":8700,"heb_name":"רעננה","eng_name":"RA'ANANA"},{"_id":1161,"heb_name":"רהט","eng_name":"RAHAT"},{"_id":135,"heb_name":"רמת דוד","eng_name":"RAMAT DAWID"},{"_id":8600,"heb_name":"רמת גן","eng_name":"RAMAT GAN"},{"_id":184,"heb_name":"רמת הכובש","eng_name":"RAMAT HAKOVESH"},{"_id":2650,"heb_name":"רמת השרון","eng_name":"RAMAT HASHARON"},{"_id":335,"heb_name":"רמת השופט","eng_name":"RAMAT HASHOFET"},{"_id":4701,"heb_name":"רמת מגשימים","eng_name":"RAMAT MAGSHIMIM"},{"_id":127,"heb_name":"רמת רחל","eng_name":"RAMAT RAHEL"},{"_id":460,"heb_name":"רמת רזיאל","eng_name":"RAMAT RAZI'EL"},{"_id":122,"heb_name":"רמת ישי","eng_name":"RAMAT YISHAY"},{"_id":178,"heb_name":"רמת יוחנן","eng_name":"RAMAT YOHANAN"},{"_id":339,"heb_name":"רמת צבי","eng_name":"RAMAT ZEVI"},{"_id":543,"heb_name":"ראמה","eng_name":"RAME"},{"_id":8500,"heb_name":"רמלה","eng_name":"RAMLA"},{"_id":1069,"heb_name":"רם-און","eng_name":"RAM-ON"},{"_id":4702,"heb_name":"רמות","eng_name":"RAMOT"},{"_id":206,"heb_name":"רמות השבים","eng_name":"RAMOT HASHAVIM"},{"_id":735,"heb_name":"רמות מאיר","eng_name":"RAMOT ME'IR"},{"_id":445,"heb_name":"רמות מנשה","eng_name":"RAMOT MENASHE"},{"_id":372,"heb_name":"רמות נפתלי","eng_name":"RAMOT NAFTALI"},{"_id":789,"heb_name":"רנן","eng_name":"RANNEN"},{"_id":1228,"heb_name":"רקפת","eng_name":"RAQEFET"},{"_id":1334,"heb_name":"ראס אל-עין","eng_name":"RAS AL-EIN"},{"_id":990,"heb_name":"ראס עלי","eng_name":"RAS ALI"},{"_id":1225,"heb_name":"רביד","eng_name":"RAVID"},{"_id":444,"heb_name":"רגבים","eng_name":"REGAVIM"},{"_id":390,"heb_name":"רגבה","eng_name":"REGBA"},{"_id":3568,"heb_name":"ריחן","eng_name":"REHAN"},{"_id":3822,"heb_name":"רחלים","eng_name":"REHELIM"},{"_id":854,"heb_name":"רחוב","eng_name":"REHOV"},{"_id":8400,"heb_name":"רחובות","eng_name":"REHOVOT"},{"_id":540,"heb_name":"ריחאניה","eng_name":"REIHANIYYE"},{"_id":713,"heb_name":"רעים","eng_name":"RE'IM"},{"_id":542,"heb_name":"ריינה","eng_name":"REINE"},{"_id":922,"heb_name":"רכסים","eng_name":"REKHASIM"},{"_id":437,"heb_name":"רשפים","eng_name":"RESHAFIM"},{"_id":1260,"heb_name":"רתמים","eng_name":"RETAMIM"},{"_id":564,"heb_name":"רבדים","eng_name":"REVADIM"},{"_id":3795,"heb_name":"רבבה","eng_name":"REVAVA"},{"_id":354,"heb_name":"רביבים","eng_name":"REVIVIM"},{"_id":2051,"heb_name":"רווחה","eng_name":"REWAHA"},{"_id":2016,"heb_name":"רוויה","eng_name":"REWAYA"},{"_id":3565,"heb_name":"רימונים","eng_name":"RIMMONIM"},{"_id":616,"heb_name":"רינתיה","eng_name":"RINNATYA"},{"_id":8300,"heb_name":"ראשון לציון","eng_name":"RISHON LEZIYYON"},{"_id":247,"heb_name":"רשפון","eng_name":"RISHPON"},{"_id":3619,"heb_name":"רועי","eng_name":"RO'I"},{"_id":2640,"heb_name":"ראש העין","eng_name":"ROSH HAAYIN"},{"_id":26,"heb_name":"ראש פינה","eng_name":"ROSH PINNA"},{"_id":3602,"heb_name":"ראש צורים","eng_name":"ROSH ZURIM"},{"_id":3782,"heb_name":"רותם","eng_name":"ROTEM"},{"_id":1341,"heb_name":"רוח מדבר","eng_name":"RUAH MIDBAR"},{"_id":362,"heb_name":"רוחמה","eng_name":"RUHAMA"},{"_id":997,"heb_name":"רומת הייב","eng_name":"RUMAT HEIB"},{"_id":539,"heb_name":"רומאנה","eng_name":"RUMMANE"},{"_id":419,"heb_name":"סעד","eng_name":"SA'AD"},{"_id":454,"heb_name":"סער","eng_name":"SA'AR"},{"_id":525,"heb_name":"סאג'ור","eng_name":"SAJUR"},{"_id":7500,"heb_name":"סח'נין","eng_name":"SAKHNIN"},{"_id":3567,"heb_name":"סלעית","eng_name":"SAL'IT"},{"_id":1245,"heb_name":"סלמה","eng_name":"SALLAMA"},{"_id":1156,"heb_name":"סמר","eng_name":"SAMAR"},{"_id":636,"heb_name":"צנדלה","eng_name":"SANDALA"},{"_id":1176,"heb_name":"ספיר","eng_name":"SAPPIR"},{"_id":126,"heb_name":"שריד","eng_name":"SARID"},{"_id":578,"heb_name":"סאסא","eng_name":"SASA"},{"_id":587,"heb_name":"סביון","eng_name":"SAVYON"},{"_id":1360,"heb_name":"סעוה","eng_name":"SA'WA"},{"_id":989,"heb_name":"סואעד )כמאנה( )שבט(","eng_name":"SAWA'ID (KAMANE)"},{"_id":942,"heb_name":"סואעד )חמרייה(","eng_name":"SAWA'ID(HAMRIYYE)"},{"_id":1170,"heb_name":"סייד )שבט(","eng_name":"SAYYID"},{"_id":1223,"heb_name":"שדי אברהם","eng_name":"SEDE AVRAHAM"},{"_id":885,"heb_name":"שדה בוקר","eng_name":"SEDE BOQER"},{"_id":36,"heb_name":"שדה דוד","eng_name":"SEDE DAWID"},{"_id":861,"heb_name":"שדה אליעזר","eng_name":"SEDE ELI'EZER"},{"_id":304,"heb_name":"שדה אליהו","eng_name":"SEDE ELIYYAHU"},{"_id":2015,"heb_name":"שדי חמד","eng_name":"SEDE HEMED"},{"_id":721,"heb_name":"שדה אילן","eng_name":"SEDE ILAN"},{"_id":18,"heb_name":"שדה משה","eng_name":"SEDE MOSHE"},{"_id":259,"heb_name":"שדה נחום","eng_name":"SEDE NAHUM"},{"_id":329,"heb_name":"שדה נחמיה","eng_name":"SEDE NEHEMYA"},{"_id":1058,"heb_name":"שדה ניצן","eng_name":"SEDE NIZZAN"},{"_id":2057,"heb_name":"שדי תרומות","eng_name":"SEDE TERUMOT"},{"_id":739,"heb_name":"שדה עוזיהו","eng_name":"SEDE UZZIYYAHU"},{"_id":284,"heb_name":"שדה ורבורג","eng_name":"SEDE WARBURG"},{"_id":142,"heb_name":"שדה יעקב","eng_name":"SEDE YA'AQOV"},{"_id":2008,"heb_name":"שדה יצחק","eng_name":"SEDE YIZHAQ"},{"_id":293,"heb_name":"שדה יואב","eng_name":"SEDE YO'AV"},{"_id":2049,"heb_name":"שדה צבי","eng_name":"SEDE ZEVI"},{"_id":1031,"heb_name":"שדרות","eng_name":"SEDEROT"},{"_id":27,"heb_name":"שדות מיכה","eng_name":"SEDOT MIKHA"},{"_id":327,"heb_name":"שדות ים","eng_name":"SEDOT YAM"},{"_id":1286,"heb_name":"שגב-שלום","eng_name":"SEGEV-SHALOM"},{"_id":2046,"heb_name":"סגולה","eng_name":"SEGULA"},{"_id":1132,"heb_name":"שניר","eng_name":"SENIR"},{"_id":1299,"heb_name":"שעורים","eng_name":"SE'ORIM"},{"_id":538,"heb_name":"שעב","eng_name":"SHA'AB"},{"_id":4009,"heb_name":"שעל","eng_name":"SHA'AL"},{"_id":856,"heb_name":"שעלבים","eng_name":"SHA'ALVIM"},{"_id":661,"heb_name":"שער אפרים","eng_name":"SHA'AR EFRAYIM"},{"_id":237,"heb_name":"שער העמקים","eng_name":"SHA'AR HAAMAQIM"},{"_id":264,"heb_name":"שער הגולן","eng_name":"SHA'AR HAGOLAN"},{"_id":921,"heb_name":"שער מנשה","eng_name":"SHA'AR MENASHE"},{"_id":3720,"heb_name":"שערי תקווה","eng_name":"SHA'ARE TIQWA"},{"_id":306,"heb_name":"שדמות דבורה","eng_name":"SHADMOT DEVORA"},{"_id":3578,"heb_name":"שדמות מחולה","eng_name":"SHADMOT MEHOLA"},{"_id":692,"heb_name":"שפיר","eng_name":"SHAFIR"},{"_id":7,"heb_name":"שחר","eng_name":"SHAHAR"},{"_id":1266,"heb_name":"שחרות","eng_name":"SHAHARUT"},{"_id":1373,"heb_name":"שלווה במדבר","eng_name":"SHALVA BAMIDBAR"},{"_id":873,"heb_name":"שלווה","eng_name":"SHALWA"},{"_id":432,"heb_name":"שמרת","eng_name":"SHAMERAT"},{"_id":366,"heb_name":"שמיר","eng_name":"SHAMIR"},{"_id":1287,"heb_name":"שני","eng_name":"SHANI"},{"_id":3649,"heb_name":"שקד","eng_name":"SHAQED"},{"_id":292,"heb_name":"שרונה","eng_name":"SHARONA"},{"_id":398,"heb_name":"שרשרת","eng_name":"SHARSHERET"},{"_id":1377,"heb_name":"שבי דרום","eng_name":"SHAVE DAROM"},{"_id":3571,"heb_name":"שבי שומרון","eng_name":"SHAVE SHOMERON"},{"_id":282,"heb_name":"שבי ציון","eng_name":"SHAVE ZIYYON"},{"_id":324,"heb_name":"שאר ישוב","eng_name":"SHE'AR YASHUV"},{"_id":555,"heb_name":"שדמה","eng_name":"SHEDEMA"},{"_id":8800,"heb_name":"שפרעם","eng_name":"SHEFAR'AM"},{"_id":232,"heb_name":"שפיים","eng_name":"SHEFAYIM"},{"_id":846,"heb_name":"שפר","eng_name":"SHEFER"},{"_id":658,"heb_name":"שייח' דנון","eng_name":"SHEIKH DANNUN"},{"_id":1160,"heb_name":"שכניה","eng_name":"SHEKHANYA"},{"_id":812,"heb_name":"שלומי","eng_name":"SHELOMI"},{"_id":439,"heb_name":"שלוחות","eng_name":"SHELUHOT"},{"_id":1233,"heb_name":"שקף","eng_name":"SHEQEF"},{"_id":1045,"heb_name":"שתולה","eng_name":"SHETULA"},{"_id":763,"heb_name":"שתולים","eng_name":"SHETULIM"},{"_id":527,"heb_name":"שזור","eng_name":"SHEZOR"},{"_id":865,"heb_name":"שיבולים","eng_name":"SHIBBOLIM"},{"_id":913,"heb_name":"שבלי - אום אל-גנם","eng_name":"SHIBLI"},{"_id":1165,"heb_name":"שילת","eng_name":"SHILAT"},{"_id":3641,"heb_name":"שילה","eng_name":"SHILO"},{"_id":3784,"heb_name":"שמעה","eng_name":"SHIM'A"},{"_id":1337,"heb_name":"שמשית","eng_name":"SHIMSHIT"},{"_id":1197,"heb_name":"נאות סמדר","eng_name":"SHIZZAFON"},{"_id":1364,"heb_name":"שלומית","eng_name":"SHLOMIT"},{"_id":741,"heb_name":"שואבה","eng_name":"SHO'EVA"},{"_id":1304,"heb_name":"שוהם","eng_name":"SHOHAM"},{"_id":614,"heb_name":"שומרה","eng_name":"SHOMERA"},{"_id":1265,"heb_name":"שומריה","eng_name":"SHOMERIYYA"},{"_id":415,"heb_name":"שוקדה","eng_name":"SHOQEDA"},{"_id":1235,"heb_name":"שורשים","eng_name":"SHORASHIM"},{"_id":456,"heb_name":"שורש","eng_name":"SHORESH"},{"_id":224,"heb_name":"שושנת העמקים","eng_name":"SHOSHANNAT HAAMAQIM"},{"_id":1102,"heb_name":"צוקי ים","eng_name":"SHOSHANNAT HAAMAQIM("},{"_id":394,"heb_name":"שובל","eng_name":"SHOVAL"},{"_id":761,"heb_name":"שובה","eng_name":"SHUVA"},{"_id":610,"heb_name":"סתריה","eng_name":"SITRIYYA"},{"_id":1238,"heb_name":"סופה","eng_name":"SUFA"},{"_id":526,"heb_name":"סולם","eng_name":"SULAM"},{"_id":3756,"heb_name":"סוסיה","eng_name":"SUSEYA"},{"_id":462,"heb_name":"טל שחר","eng_name":"TAL SHAHAR"},{"_id":1181,"heb_name":"טל-אל","eng_name":"TAL-EL"},{"_id":2050,"heb_name":"תלמי ביל\"ו","eng_name":"TALME BILU"},{"_id":2003,"heb_name":"תלמי אלעזר","eng_name":"TALME EL'AZAR"},{"_id":1051,"heb_name":"תלמי אליהו","eng_name":"TALME ELIYYAHU"},{"_id":744,"heb_name":"תלמי יפה","eng_name":"TALME YAFE"},{"_id":727,"heb_name":"תלמי יחיאל","eng_name":"TALME YEHI'EL"},{"_id":1237,"heb_name":"תלמי יוסף","eng_name":"TALME YOSEF"},{"_id":3788,"heb_name":"טלמון","eng_name":"TALMON"},{"_id":8900,"heb_name":"טמרה","eng_name":"TAMRA"},{"_id":547,"heb_name":"טמרה )יזרעאל(","eng_name":"TAMRA (YIZRE'EL)"},{"_id":752,"heb_name":"תעוז","eng_name":"TA'OZ"},{"_id":970,"heb_name":"תראבין א-צאנע )שבט(","eng_name":"TARABIN AS-SANI"},{"_id":1346,"heb_name":"תראבין א-צאנע)ישוב(","eng_name":"TARABIN AS-SANI"},{"_id":778,"heb_name":"תרום","eng_name":"TARUM"},{"_id":2730,"heb_name":"טייבה","eng_name":"TAYIBE"},{"_id":497,"heb_name":"טייבה )בעמק(","eng_name":"TAYIBE(BAEMEQ)"},{"_id":2062,"heb_name":"תאשור","eng_name":"TE'ASHUR"},{"_id":1214,"heb_name":"טפחות","eng_name":"TEFAHOT"},{"_id":103,"heb_name":"תל עדשים","eng_name":"TEL ADASHIM"},{"_id":5000,"heb_name":"תל אביב - יפו","eng_name":"TEL AVIV - YAFO"},{"_id":154,"heb_name":"תל מונד","eng_name":"TEL MOND"},{"_id":719,"heb_name":"תל קציר","eng_name":"TEL QAZIR"},{"_id":1054,"heb_name":"תל שבע","eng_name":"TEL SHEVA"},{"_id":1283,"heb_name":"תל תאומים","eng_name":"TEL TE'OMIM"},{"_id":287,"heb_name":"תל יצחק","eng_name":"TEL YIZHAQ"},{"_id":84,"heb_name":"תל יוסף","eng_name":"TEL YOSEF"},{"_id":1177,"heb_name":"טללים","eng_name":"TELALIM"},{"_id":814,"heb_name":"תלמים","eng_name":"TELAMIM"},{"_id":3719,"heb_name":"תלם","eng_name":"TELEM"},{"_id":3743,"heb_name":"טנא","eng_name":"TENE"},{"_id":2002,"heb_name":"תנובות","eng_name":"TENUVOT"},{"_id":3563,"heb_name":"תקוע","eng_name":"TEQOA"},{"_id":665,"heb_name":"תקומה","eng_name":"TEQUMA"},{"_id":6700,"heb_name":"טבריה","eng_name":"TIBERIAS"},{"_id":2061,"heb_name":"תדהר","eng_name":"TIDHAR"},{"_id":709,"heb_name":"תפרח","eng_name":"TIFRAH"},{"_id":163,"heb_name":"תימורים","eng_name":"TIMMORIM"},{"_id":1244,"heb_name":"תמרת","eng_name":"TIMRAT"},{"_id":2100,"heb_name":"טירת כרמל","eng_name":"TIRAT KARMEL"},{"_id":663,"heb_name":"טירת יהודה","eng_name":"TIRAT YEHUDA"},{"_id":268,"heb_name":"טירת צבי","eng_name":"TIRAT ZEVI"},{"_id":2720,"heb_name":"טירה","eng_name":"TIRE"},{"_id":10,"heb_name":"תירוש","eng_name":"TIROSH"},{"_id":3558,"heb_name":"תומר","eng_name":"TOMER"},{"_id":962,"heb_name":"טובא-זנגריה","eng_name":"TUBA-ZANGARIYYE"},{"_id":498,"heb_name":"טורעאן","eng_name":"TUR'AN"},{"_id":1083,"heb_name":"תושיה","eng_name":"TUSHIYYA"},{"_id":1172,"heb_name":"תובל","eng_name":"TUVAL"},{"_id":446,"heb_name":"אודים","eng_name":"UDIM"},{"_id":2710,"heb_name":"אום אל-פחם","eng_name":"UMM AL-FAHM"},{"_id":2024,"heb_name":"אום אל-קוטוף","eng_name":"UMM AL-QUTUF"},{"_id":1358,"heb_name":"אום בטין","eng_name":"UMM BATIN"},{"_id":957,"heb_name":"עוקבי )בנו עוקבה(","eng_name":"UQBI (BANU UQBA)"},{"_id":403,"heb_name":"אורים","eng_name":"URIM"},{"_id":278,"heb_name":"אושה","eng_name":"USHA"},{"_id":826,"heb_name":"עוזה","eng_name":"UZA"},{"_id":528,"heb_name":"עוזייר","eng_name":"UZEIR"},{"_id":1133,"heb_name":"ורדון","eng_name":"WARDON"},{"_id":3639,"heb_name":"ורד יריחו","eng_name":"WERED YERIHO"},{"_id":1138,"heb_name":"יעד","eng_name":"YA'AD"},{"_id":795,"heb_name":"יערה","eng_name":"YA'ARA"},{"_id":577,"heb_name":"יד בנימין","eng_name":"YAD BINYAMIN"},{"_id":758,"heb_name":"יד חנה","eng_name":"YAD HANNA"},{"_id":1134,"heb_name":"יד השמונה","eng_name":"YAD HASHEMONA"},{"_id":358,"heb_name":"יד מרדכי","eng_name":"YAD MORDEKHAY"},{"_id":775,"heb_name":"יד נתן","eng_name":"YAD NATAN"},{"_id":64,"heb_name":"יד רמב\"ם","eng_name":"YAD RAMBAM"},{"_id":1117,"heb_name":"יעל","eng_name":"YA'EL"},{"_id":499,"heb_name":"יפיע","eng_name":"YAFI"},{"_id":3566,"heb_name":"יפית","eng_name":"YAFIT"},{"_id":798,"heb_name":"יגל","eng_name":"YAGEL"},{"_id":96,"heb_name":"יגור","eng_name":"YAGUR"},{"_id":1158,"heb_name":"יהל","eng_name":"YAHEL"},{"_id":811,"heb_name":"יכיני","eng_name":"YAKHINI"},{"_id":1295,"heb_name":"יאנוח-ג'ת","eng_name":"YANUH-JAT"},{"_id":753,"heb_name":"ינוב","eng_name":"YANUV"},{"_id":3647,"heb_name":"יקיר","eng_name":"YAQIR"},{"_id":417,"heb_name":"יקום","eng_name":"YAQUM"},{"_id":2026,"heb_name":"ירדנה","eng_name":"YARDENA"},{"_id":718,"heb_name":"ירחיב","eng_name":"YARHIV"},{"_id":183,"heb_name":"ירקונה","eng_name":"YARQONA"},{"_id":828,"heb_name":"ישרש","eng_name":"YASHRESH"},{"_id":575,"heb_name":"יסעור","eng_name":"YAS'UR"},{"_id":1227,"heb_name":"יתד","eng_name":"YATED"},{"_id":2660,"heb_name":"יבנה","eng_name":"YAVNE"},{"_id":46,"heb_name":"יבנאל","eng_name":"YAVNE'EL"},{"_id":759,"heb_name":"יציץ","eng_name":"YAZIZ"},{"_id":1044,"heb_name":"יעף","eng_name":"YE'AF"},{"_id":1144,"heb_name":"ידידה","eng_name":"YEDIDA"},{"_id":233,"heb_name":"כפר ידידיה","eng_name":"YEDIDYA"},{"_id":409,"heb_name":"יחיעם","eng_name":"YEHI'AM"},{"_id":9400,"heb_name":"יהוד-מונוסון","eng_name":"YEHUD-MONOSON"},{"_id":831,"heb_name":"ירוחם","eng_name":"YEROHAM"},{"_id":916,"heb_name":"ישע","eng_name":"YESHA"},{"_id":440,"heb_name":"יסודות","eng_name":"YESODOT"},{"_id":29,"heb_name":"יסוד המעלה","eng_name":"YESUD HAMA'ALA"},{"_id":1232,"heb_name":"יבול","eng_name":"YEVUL"},{"_id":134,"heb_name":"יפעת","eng_name":"YIF'AT"},{"_id":453,"heb_name":"יפתח","eng_name":"YIFTAH"},{"_id":2011,"heb_name":"ינון","eng_name":"YINNON"},{"_id":502,"heb_name":"ירכא","eng_name":"YIRKA"},{"_id":623,"heb_name":"יראון","eng_name":"YIR'ON"},{"_id":805,"heb_name":"ישעי","eng_name":"YISH'I"},{"_id":3607,"heb_name":"ייט\"ב","eng_name":"YITAV"},{"_id":3749,"heb_name":"יצהר","eng_name":"YIZHAR"},{"_id":452,"heb_name":"יזרעאל","eng_name":"YIZRE'EL"},{"_id":1112,"heb_name":"יודפת","eng_name":"YODEFAT"},{"_id":4007,"heb_name":"יונתן","eng_name":"YONATAN"},{"_id":240,"heb_name":"יקנעם עילית","eng_name":"YOQNE'AM ILLIT"},{"_id":241,"heb_name":"יקנעם )מושבה(","eng_name":"YOQNE'AM(MOSHAVA)"},{"_id":803,"heb_name":"יושיביה","eng_name":"YOSHIVYA"},{"_id":866,"heb_name":"יטבתה","eng_name":"YOTVATA"},{"_id":2009,"heb_name":"יובל","eng_name":"YUVAL"},{"_id":1226,"heb_name":"יובלים","eng_name":"YUVALIM"},{"_id":2742,"heb_name":"זבארגה )שבט(","eng_name":"ZABARGA"},{"_id":1079,"heb_name":"צפרירים","eng_name":"ZAFRIRIM"},{"_id":594,"heb_name":"צפריה","eng_name":"ZAFRIYYA"},{"_id":816,"heb_name":"זנוח","eng_name":"ZANOAH"},{"_id":975,"heb_name":"זרזיר","eng_name":"ZARZIR"},{"_id":815,"heb_name":"זבדיאל","eng_name":"ZAVDI'EL"},{"_id":413,"heb_name":"צאלים","eng_name":"ZE'ELIM"},{"_id":8000,"heb_name":"צפת","eng_name":"ZEFAT"},{"_id":799,"heb_name":"זכריה","eng_name":"ZEKHARYA"},{"_id":796,"heb_name":"צלפון","eng_name":"ZELAFON"},{"_id":1290,"heb_name":"זמר","eng_name":"ZEMER"},{"_id":818,"heb_name":"זרחיה","eng_name":"ZERAHYA"},{"_id":2064,"heb_name":"זרועה","eng_name":"ZERU'A"},{"_id":612,"heb_name":"צרופה","eng_name":"ZERUFA"},{"_id":788,"heb_name":"זיתן","eng_name":"ZETAN"},{"_id":9300,"heb_name":"זכרון יעקב","eng_name":"ZIKHRON YA'AQOV"},{"_id":1065,"heb_name":"זמרת","eng_name":"ZIMRAT"},{"_id":613,"heb_name":"ציפורי","eng_name":"ZIPPORI"},{"_id":584,"heb_name":"זיקים","eng_name":"ZIQIM"},{"_id":1213,"heb_name":"צבעון","eng_name":"ZIV'ON"},{"_id":1150,"heb_name":"צופר","eng_name":"ZOFAR"},{"_id":198,"heb_name":"צופית","eng_name":"ZOFIT"},{"_id":1111,"heb_name":"צופיה","eng_name":"ZOFIYYA"},{"_id":44,"heb_name":"זוהר","eng_name":"ZOHAR"},{"_id":1136,"heb_name":"צוחר","eng_name":"ZOHAR"},{"_id":567,"heb_name":"צרעה","eng_name":"ZOR'A"},{"_id":465,"heb_name":"צובה","eng_name":"ZOVA"},{"_id":3791,"heb_name":"צופים","eng_name":"ZUFIN"},{"_id":1113,"heb_name":"צור הדסה","eng_name":"ZUR HADASSA"},{"_id":276,"heb_name":"צור משה","eng_name":"ZUR MOSHE"},{"_id":1148,"heb_name":"צור נתן","eng_name":"ZUR NATAN"},{"_id":1345,"heb_name":"צור יצחק","eng_name":"ZUR YIZHAQ"},{"_id":774,"heb_name":"צוריאל","eng_name":"ZURI'EL"},{"_id":1221,"heb_name":"צורית","eng_name":"ZURIT"},{"_id":1180,"heb_name":"צביה","eng_name":"ZVIYYA"}]